2026-08-01T15:28:51.913+03:00  INFO 6425 --- [main] com.example.demo.DemoApplication         : Starting DemoApplication using Java 26.0.1 with PID 6425 (/home/elias/IdeaProjects/Springboot-CRUD-project/target/classes started by elias in /home/elias/IdeaProjects/Springboot-CRUD-project)
2026-08-01T15:28:51.962+03:00  INFO 6425 --- [main] com.example.demo.DemoApplication         : No active profile set, falling back to 1 default profile: "default"
2026-08-01T15:28:54.818+03:00  INFO 6425 --- [main] .s.d.r.c.RepositoryConfigurationDelegate : Bootstrapping Spring Data JPA repositories in DEFAULT mode.
2026-08-01T15:28:54.926+03:00  INFO 6425 --- [main] .s.d.r.c.RepositoryConfigurationDelegate : Finished Spring Data repository scanning in 84 ms. Found 1 JPA repository interface.
2026-08-01T15:28:55.929+03:00  INFO 6425 --- [main] o.s.boot.tomcat.TomcatWebServer          : Tomcat initialized with port 8080 (http)
2026-08-01T15:28:55.952+03:00  INFO 6425 --- [main] o.apache.catalina.core.StandardService   : Starting service [Tomcat]
2026-08-01T15:28:55.955+03:00  INFO 6425 --- [main] o.apache.catalina.core.StandardEngine    : Starting Servlet engine: [Apache Tomcat/11.0.22]
2026-08-01T15:28:56.026+03:00  INFO 6425 --- [main] b.w.c.s.WebApplicationContextInitializer : Root WebApplicationContext: initialization completed in 3918 ms
2026-08-01T15:28:56.415+03:00  INFO 6425 --- [main] org.hibernate.orm.jpa                    : HHH008540: Processing PersistenceUnitInfo [name: default]
2026-08-01T15:28:56.532+03:00  INFO 6425 --- [main] org.hibernate.orm.core                   : HHH000001: Hibernate ORM core version 7.4.1.Final
2026-08-01T15:28:58.005+03:00  INFO 6425 --- [main] o.s.o.j.p.SpringPersistenceUnitInfo      : No LoadTimeWeaver setup: ignoring JPA class transformer
2026-08-01T15:28:58.073+03:00  INFO 6425 --- [main] com.zaxxer.hikari.HikariDataSource       : HikariPool-1 - Starting...
2026-08-01T15:28:58.369+03:00  INFO 6425 --- [main] com.zaxxer.hikari.pool.HikariPool        : HikariPool-1 - Added connection org.postgresql.jdbc.PgConnection@18513c23
2026-08-01T15:28:58.374+03:00  INFO 6425 --- [main] com.zaxxer.hikari.HikariDataSource       : HikariPool-1 - Start completed.
2026-08-01T15:28:58.454+03:00  WARN 6425 --- [main] org.hibernate.orm.deprecation            : HHH90000025: PostgreSQLDialect does not need to be specified explicitly using 'hibernate.dialect' (remove the property setting and it will be selected by default)
2026-08-01T15:28:58.541+03:00  INFO 6425 --- [main] org.hibernate.orm.connections.pooling    : HHH10001005: Database info:
	Database JDBC URL [jdbc:postgresql://localhost:5432/crud_db]
	Database driver: PostgreSQL JDBC Driver
	Database dialect: PostgreSQLDialect
	Database version: 16.11
	Default catalog/schema: crud_db/public
	Autocommit mode: undefined/unknown
	Isolation level: READ_COMMITTED [default READ_COMMITTED]
	JDBC fetch size: none
	Pool: DataSourceConnectionProvider
	Minimum pool size: undefined/unknown
	Maximum pool size: undefined/unknown
2026-08-01T15:29:00.416+03:00  INFO 6425 --- [main] org.hibernate.orm.core                   : HHH000489: No JTA platform available (set 'hibernate.transaction.jta.platform' to enable JTA platform integration)
2026-08-01T15:29:00.513+03:00  INFO 6425 --- [main] j.LocalContainerEntityManagerFactoryBean : Initialized JPA EntityManagerFactory for persistence unit 'default'
2026-08-01T15:29:00.735+03:00  INFO 6425 --- [main] o.s.d.j.r.query.QueryEnhancerFactories   : Hibernate is in classpath; If applicable, HQL parser will be used.
2026-08-01T15:29:01.348+03:00  WARN 6425 --- [main] JpaBaseConfiguration$JpaWebConfiguration : spring.jpa.open-in-view is enabled by default. Therefore, database queries may be performed during view rendering. Explicitly configure spring.jpa.open-in-view to disable this warning
2026-08-01T15:29:02.323+03:00  WARN 6425 --- [main] .s.a.UserDetailsServiceAutoConfiguration : 

Using generated security password: 34c7af7b-d2ce-4eda-a243-43cdcb856568

This generated password is for development use only. Your security configuration must be updated before running your application in production.

2026-08-01T15:29:02.501+03:00  INFO 6425 --- [main] r$InitializeUserDetailsManagerConfigurer : Global AuthenticationManager configured with UserDetailsService bean with name inMemoryUserDetailsManager
2026-08-01T15:29:03.258+03:00  INFO 6425 --- [main] o.s.boot.tomcat.TomcatWebServer          : Tomcat started on port 8080 (http) with context path '/'
2026-08-01T15:29:03.277+03:00  INFO 6425 --- [main] com.example.demo.DemoApplication         : Started DemoApplication in 12.827 seconds (process running for 16.347)
2026-08-01T15:29:18.863+03:00  INFO 6425 --- [http-nio-8080-exec-1] o.a.c.c.C.[Tomcat].[localhost].[/]       : Initializing Spring DispatcherServlet 'dispatcherServlet'
2026-08-01T15:29:18.865+03:00  INFO 6425 --- [http-nio-8080-exec-1] o.s.web.servlet.DispatcherServlet        : Initializing Servlet 'dispatcherServlet'
2026-08-01T15:29:18.878+03:00  INFO 6425 --- [http-nio-8080-exec-1] o.s.web.servlet.DispatcherServlet        : Completed initialization in 9 ms
2026-08-01T15:31:57.265+03:00  INFO 6425 --- [SpringApplicationShutdownHook] o.s.boot.tomcat.GracefulShutdown         : Commencing graceful shutdown. Waiting for active requests to complete
2026-08-01T15:31:57.276+03:00  INFO 6425 --- [tomcat-shutdown] o.s.boot.tomcat.GracefulShutdown         : Graceful shutdown complete
2026-08-01T15:31:57.297+03:00  INFO 6425 --- [SpringApplicationShutdownHook] j.LocalContainerEntityManagerFactoryBean : Closing JPA EntityManagerFactory for persistence unit 'default'
2026-08-01T15:31:57.305+03:00  INFO 6425 --- [SpringApplicationShutdownHook] com.zaxxer.hikari.HikariDataSource       : HikariPool-1 - Shutdown initiated...
2026-08-01T15:31:57.323+03:00  INFO 6425 --- [SpringApplicationShutdownHook] com.zaxxer.hikari.HikariDataSource       : HikariPool-1 - Shutdown completed.
2026-08-01T15:32:35.290+03:00  INFO 6852 --- [main] com.example.demo.DemoApplication         : Starting DemoApplication using Java 26.0.1 with PID 6852 (/home/elias/IdeaProjects/Springboot-CRUD-project/target/classes started by elias in /home/elias/IdeaProjects/Springboot-CRUD-project)
2026-08-01T15:32:35.306+03:00  INFO 6852 --- [main] com.example.demo.DemoApplication         : No active profile set, falling back to 1 default profile: "default"
2026-08-01T15:32:37.097+03:00  INFO 6852 --- [main] .s.d.r.c.RepositoryConfigurationDelegate : Bootstrapping Spring Data JPA repositories in DEFAULT mode.
2026-08-01T15:32:37.183+03:00  INFO 6852 --- [main] .s.d.r.c.RepositoryConfigurationDelegate : Finished Spring Data repository scanning in 70 ms. Found 1 JPA repository interface.
2026-08-01T15:32:37.986+03:00  INFO 6852 --- [main] o.s.boot.tomcat.TomcatWebServer          : Tomcat initialized with port 8080 (http)
2026-08-01T15:32:38.009+03:00  INFO 6852 --- [main] o.apache.catalina.core.StandardService   : Starting service [Tomcat]
2026-08-01T15:32:38.010+03:00  INFO 6852 --- [main] o.apache.catalina.core.StandardEngine    : Starting Servlet engine: [Apache Tomcat/11.0.22]
2026-08-01T15:32:38.071+03:00  INFO 6852 --- [main] b.w.c.s.WebApplicationContextInitializer : Root WebApplicationContext: initialization completed in 2474 ms
2026-08-01T15:32:38.404+03:00  INFO 6852 --- [main] org.hibernate.orm.jpa                    : HHH008540: Processing PersistenceUnitInfo [name: default]
2026-08-01T15:32:38.480+03:00  INFO 6852 --- [main] org.hibernate.orm.core                   : HHH000001: Hibernate ORM core version 7.4.1.Final
2026-08-01T15:32:39.436+03:00  INFO 6852 --- [main] o.s.o.j.p.SpringPersistenceUnitInfo      : No LoadTimeWeaver setup: ignoring JPA class transformer
2026-08-01T15:32:39.486+03:00  INFO 6852 --- [main] com.zaxxer.hikari.HikariDataSource       : HikariPool-1 - Starting...
2026-08-01T15:32:39.721+03:00  INFO 6852 --- [main] com.zaxxer.hikari.pool.HikariPool        : HikariPool-1 - Added connection org.postgresql.jdbc.PgConnection@6c24f61d
2026-08-01T15:32:39.724+03:00  INFO 6852 --- [main] com.zaxxer.hikari.HikariDataSource       : HikariPool-1 - Start completed.
2026-08-01T15:32:39.792+03:00  WARN 6852 --- [main] org.hibernate.orm.deprecation            : HHH90000025: PostgreSQLDialect does not need to be specified explicitly using 'hibernate.dialect' (remove the property setting and it will be selected by default)
2026-08-01T15:32:39.833+03:00  INFO 6852 --- [main] org.hibernate.orm.connections.pooling    : HHH10001005: Database info:
	Database JDBC URL [jdbc:postgresql://localhost:5432/crud_db]
	Database driver: PostgreSQL JDBC Driver
	Database dialect: PostgreSQLDialect
	Database version: 16.11
	Default catalog/schema: crud_db/public
	Autocommit mode: undefined/unknown
	Isolation level: READ_COMMITTED [default READ_COMMITTED]
	JDBC fetch size: none
	Pool: DataSourceConnectionProvider
	Minimum pool size: undefined/unknown
	Maximum pool size: undefined/unknown
2026-08-01T15:32:43.274+03:00  INFO 6852 --- [main] org.hibernate.orm.core                   : HHH000489: No JTA platform available (set 'hibernate.transaction.jta.platform' to enable JTA platform integration)
2026-08-01T15:32:43.395+03:00  INFO 6852 --- [main] j.LocalContainerEntityManagerFactoryBean : Initialized JPA EntityManagerFactory for persistence unit 'default'
2026-08-01T15:32:43.630+03:00  INFO 6852 --- [main] o.s.d.j.r.query.QueryEnhancerFactories   : Hibernate is in classpath; If applicable, HQL parser will be used.
2026-08-01T15:32:44.552+03:00  WARN 6852 --- [main] JpaBaseConfiguration$JpaWebConfiguration : spring.jpa.open-in-view is enabled by default. Therefore, database queries may be performed during view rendering. Explicitly configure spring.jpa.open-in-view to disable this warning
2026-08-01T15:32:45.216+03:00  WARN 6852 --- [main] .s.a.UserDetailsServiceAutoConfiguration : 

Using generated security password: 7a01e640-6153-42e4-bf49-13f6f66de752

This generated password is for development use only. Your security configuration must be updated before running your application in production.

2026-08-01T15:32:45.307+03:00  INFO 6852 --- [main] r$InitializeUserDetailsManagerConfigurer : Global AuthenticationManager configured with UserDetailsService bean with name inMemoryUserDetailsManager
2026-08-01T15:32:45.673+03:00  INFO 6852 --- [main] o.s.boot.tomcat.TomcatWebServer          : Tomcat started on port 8080 (http) with context path '/'
2026-08-01T15:32:45.683+03:00  INFO 6852 --- [main] com.example.demo.DemoApplication         : Started DemoApplication in 11.645 seconds (process running for 14.474)
2026-08-01T15:32:57.120+03:00  INFO 6852 --- [http-nio-8080-exec-1] o.a.c.c.C.[Tomcat].[localhost].[/]       : Initializing Spring DispatcherServlet 'dispatcherServlet'
2026-08-01T15:32:57.121+03:00  INFO 6852 --- [http-nio-8080-exec-1] o.s.web.servlet.DispatcherServlet        : Initializing Servlet 'dispatcherServlet'
2026-08-01T15:32:57.126+03:00  INFO 6852 --- [http-nio-8080-exec-1] o.s.web.servlet.DispatcherServlet        : Completed initialization in 3 ms
2026-08-01T15:44:13.860+03:00  INFO 6852 --- [SpringApplicationShutdownHook] o.s.boot.tomcat.GracefulShutdown         : Commencing graceful shutdown. Waiting for active requests to complete
2026-08-01T15:44:13.868+03:00  INFO 6852 --- [tomcat-shutdown] o.s.boot.tomcat.GracefulShutdown         : Graceful shutdown complete
2026-08-01T15:44:13.877+03:00  INFO 6852 --- [SpringApplicationShutdownHook] j.LocalContainerEntityManagerFactoryBean : Closing JPA EntityManagerFactory for persistence unit 'default'
2026-08-01T15:44:13.881+03:00  INFO 6852 --- [SpringApplicationShutdownHook] com.zaxxer.hikari.HikariDataSource       : HikariPool-1 - Shutdown initiated...
2026-08-01T15:44:13.888+03:00  INFO 6852 --- [SpringApplicationShutdownHook] com.zaxxer.hikari.HikariDataSource       : HikariPool-1 - Shutdown completed.
2026-08-01T15:44:21.456+03:00  INFO 7298 --- [main] com.example.demo.DemoApplication         : Starting DemoApplication using Java 26.0.1 with PID 7298 (/home/elias/IdeaProjects/Springboot-CRUD-project/target/classes started by elias in /home/elias/IdeaProjects/Springboot-CRUD-project)
2026-08-01T15:44:21.464+03:00  INFO 7298 --- [main] com.example.demo.DemoApplication         : No active profile set, falling back to 1 default profile: "default"
2026-08-01T15:44:22.936+03:00  INFO 7298 --- [main] .s.d.r.c.RepositoryConfigurationDelegate : Bootstrapping Spring Data JPA repositories in DEFAULT mode.
2026-08-01T15:44:23.002+03:00  INFO 7298 --- [main] .s.d.r.c.RepositoryConfigurationDelegate : Finished Spring Data repository scanning in 54 ms. Found 1 JPA repository interface.
2026-08-01T15:44:23.593+03:00  INFO 7298 --- [main] o.s.boot.tomcat.TomcatWebServer          : Tomcat initialized with port 8080 (http)
2026-08-01T15:44:23.610+03:00  INFO 7298 --- [main] o.apache.catalina.core.StandardService   : Starting service [Tomcat]
2026-08-01T15:44:23.611+03:00  INFO 7298 --- [main] o.apache.catalina.core.StandardEngine    : Starting Servlet engine: [Apache Tomcat/11.0.22]
2026-08-01T15:44:23.651+03:00  INFO 7298 --- [main] b.w.c.s.WebApplicationContextInitializer : Root WebApplicationContext: initialization completed in 1984 ms
2026-08-01T15:44:23.898+03:00  INFO 7298 --- [main] org.hibernate.orm.jpa                    : HHH008540: Processing PersistenceUnitInfo [name: default]
2026-08-01T15:44:23.962+03:00  INFO 7298 --- [main] org.hibernate.orm.core                   : HHH000001: Hibernate ORM core version 7.4.1.Final
2026-08-01T15:44:24.510+03:00  INFO 7298 --- [main] o.s.o.j.p.SpringPersistenceUnitInfo      : No LoadTimeWeaver setup: ignoring JPA class transformer
2026-08-01T15:44:24.548+03:00  INFO 7298 --- [main] com.zaxxer.hikari.HikariDataSource       : HikariPool-1 - Starting...
2026-08-01T15:44:24.685+03:00  INFO 7298 --- [main] com.zaxxer.hikari.pool.HikariPool        : HikariPool-1 - Added connection org.postgresql.jdbc.PgConnection@298263fa
2026-08-01T15:44:24.687+03:00  INFO 7298 --- [main] com.zaxxer.hikari.HikariDataSource       : HikariPool-1 - Start completed.
2026-08-01T15:44:24.723+03:00  WARN 7298 --- [main] org.hibernate.orm.deprecation            : HHH90000025: PostgreSQLDialect does not need to be specified explicitly using 'hibernate.dialect' (remove the property setting and it will be selected by default)
2026-08-01T15:44:24.775+03:00  INFO 7298 --- [main] org.hibernate.orm.connections.pooling    : HHH10001005: Database info:
	Database JDBC URL [jdbc:postgresql://localhost:5432/crud_db]
	Database driver: PostgreSQL JDBC Driver
	Database dialect: PostgreSQLDialect
	Database version: 16.11
	Default catalog/schema: crud_db/public
	Autocommit mode: undefined/unknown
	Isolation level: READ_COMMITTED [default READ_COMMITTED]
	JDBC fetch size: none
	Pool: DataSourceConnectionProvider
	Minimum pool size: undefined/unknown
	Maximum pool size: undefined/unknown
2026-08-01T15:44:25.878+03:00  INFO 7298 --- [main] org.hibernate.orm.core                   : HHH000489: No JTA platform available (set 'hibernate.transaction.jta.platform' to enable JTA platform integration)
2026-08-01T15:44:25.934+03:00  INFO 7298 --- [main] j.LocalContainerEntityManagerFactoryBean : Initialized JPA EntityManagerFactory for persistence unit 'default'
2026-08-01T15:44:26.037+03:00  INFO 7298 --- [main] o.s.d.j.r.query.QueryEnhancerFactories   : Hibernate is in classpath; If applicable, HQL parser will be used.
2026-08-01T15:44:26.415+03:00  WARN 7298 --- [main] JpaBaseConfiguration$JpaWebConfiguration : spring.jpa.open-in-view is enabled by default. Therefore, database queries may be performed during view rendering. Explicitly configure spring.jpa.open-in-view to disable this warning
2026-08-01T15:44:26.800+03:00  WARN 7298 --- [main] .s.a.UserDetailsServiceAutoConfiguration : 

Using generated security password: 54d72fe9-5188-44d8-9479-a2a1d89ea541

This generated password is for development use only. Your security configuration must be updated before running your application in production.

2026-08-01T15:44:26.847+03:00  INFO 7298 --- [main] r$InitializeUserDetailsManagerConfigurer : Global AuthenticationManager configured with UserDetailsService bean with name inMemoryUserDetailsManager
2026-08-01T15:44:27.098+03:00  INFO 7298 --- [main] o.s.boot.tomcat.TomcatWebServer          : Tomcat started on port 8080 (http) with context path '/'
2026-08-01T15:44:27.108+03:00  INFO 7298 --- [main] com.example.demo.DemoApplication         : Started DemoApplication in 6.445 seconds (process running for 8.066)
2026-08-01T15:49:49.951+03:00  INFO 7298 --- [SpringApplicationShutdownHook] o.s.boot.tomcat.GracefulShutdown         : Commencing graceful shutdown. Waiting for active requests to complete
2026-08-01T15:49:49.957+03:00  INFO 7298 --- [tomcat-shutdown] o.s.boot.tomcat.GracefulShutdown         : Graceful shutdown complete
2026-08-01T15:49:49.963+03:00  INFO 7298 --- [SpringApplicationShutdownHook] j.LocalContainerEntityManagerFactoryBean : Closing JPA EntityManagerFactory for persistence unit 'default'
2026-08-01T15:49:49.966+03:00  INFO 7298 --- [SpringApplicationShutdownHook] com.zaxxer.hikari.HikariDataSource       : HikariPool-1 - Shutdown initiated...
2026-08-01T15:49:49.972+03:00  INFO 7298 --- [SpringApplicationShutdownHook] com.zaxxer.hikari.HikariDataSource       : HikariPool-1 - Shutdown completed.
2026-08-01T15:49:56.785+03:00  INFO 7701 --- [main] com.example.demo.DemoApplication         : Starting DemoApplication using Java 26.0.1 with PID 7701 (/home/elias/IdeaProjects/Springboot-CRUD-project/target/classes started by elias in /home/elias/IdeaProjects/Springboot-CRUD-project)
2026-08-01T15:49:56.790+03:00  INFO 7701 --- [main] com.example.demo.DemoApplication         : No active profile set, falling back to 1 default profile: "default"
2026-08-01T15:49:57.951+03:00  INFO 7701 --- [main] .s.d.r.c.RepositoryConfigurationDelegate : Bootstrapping Spring Data JPA repositories in DEFAULT mode.
2026-08-01T15:49:58.014+03:00  INFO 7701 --- [main] .s.d.r.c.RepositoryConfigurationDelegate : Finished Spring Data repository scanning in 52 ms. Found 1 JPA repository interface.
2026-08-01T15:49:58.591+03:00  INFO 7701 --- [main] o.s.boot.tomcat.TomcatWebServer          : Tomcat initialized with port 8080 (http)
2026-08-01T15:49:58.605+03:00  INFO 7701 --- [main] o.apache.catalina.core.StandardService   : Starting service [Tomcat]
2026-08-01T15:49:58.605+03:00  INFO 7701 --- [main] o.apache.catalina.core.StandardEngine    : Starting Servlet engine: [Apache Tomcat/11.0.22]
2026-08-01T15:49:58.649+03:00  INFO 7701 --- [main] b.w.c.s.WebApplicationContextInitializer : Root WebApplicationContext: initialization completed in 1788 ms
2026-08-01T15:49:58.890+03:00  INFO 7701 --- [main] org.hibernate.orm.jpa                    : HHH008540: Processing PersistenceUnitInfo [name: default]
2026-08-01T15:49:58.951+03:00  INFO 7701 --- [main] org.hibernate.orm.core                   : HHH000001: Hibernate ORM core version 7.4.1.Final
2026-08-01T15:49:59.584+03:00  INFO 7701 --- [main] o.s.o.j.p.SpringPersistenceUnitInfo      : No LoadTimeWeaver setup: ignoring JPA class transformer
2026-08-01T15:49:59.627+03:00  INFO 7701 --- [main] com.zaxxer.hikari.HikariDataSource       : HikariPool-1 - Starting...
2026-08-01T15:49:59.776+03:00  INFO 7701 --- [main] com.zaxxer.hikari.pool.HikariPool        : HikariPool-1 - Added connection org.postgresql.jdbc.PgConnection@369ad7da
2026-08-01T15:49:59.778+03:00  INFO 7701 --- [main] com.zaxxer.hikari.HikariDataSource       : HikariPool-1 - Start completed.
2026-08-01T15:49:59.833+03:00  WARN 7701 --- [main] org.hibernate.orm.deprecation            : HHH90000025: PostgreSQLDialect does not need to be specified explicitly using 'hibernate.dialect' (remove the property setting and it will be selected by default)
2026-08-01T15:49:59.884+03:00  INFO 7701 --- [main] org.hibernate.orm.connections.pooling    : HHH10001005: Database info:
	Database JDBC URL [jdbc:postgresql://localhost:5432/crud_db]
	Database driver: PostgreSQL JDBC Driver
	Database dialect: PostgreSQLDialect
	Database version: 16.11
	Default catalog/schema: crud_db/public
	Autocommit mode: undefined/unknown
	Isolation level: READ_COMMITTED [default READ_COMMITTED]
	JDBC fetch size: none
	Pool: DataSourceConnectionProvider
	Minimum pool size: undefined/unknown
	Maximum pool size: undefined/unknown
2026-08-01T15:50:00.922+03:00  INFO 7701 --- [main] org.hibernate.orm.core                   : HHH000489: No JTA platform available (set 'hibernate.transaction.jta.platform' to enable JTA platform integration)
2026-08-01T15:50:00.981+03:00  INFO 7701 --- [main] j.LocalContainerEntityManagerFactoryBean : Initialized JPA EntityManagerFactory for persistence unit 'default'
2026-08-01T15:50:01.083+03:00  INFO 7701 --- [main] o.s.d.j.r.query.QueryEnhancerFactories   : Hibernate is in classpath; If applicable, HQL parser will be used.
2026-08-01T15:50:01.466+03:00  WARN 7701 --- [main] JpaBaseConfiguration$JpaWebConfiguration : spring.jpa.open-in-view is enabled by default. Therefore, database queries may be performed during view rendering. Explicitly configure spring.jpa.open-in-view to disable this warning
2026-08-01T15:50:01.842+03:00  WARN 7701 --- [main] .s.a.UserDetailsServiceAutoConfiguration : 

Using generated security password: 9ae8fc92-4c2e-46d3-aa02-6f12cff3b394

This generated password is for development use only. Your security configuration must be updated before running your application in production.

2026-08-01T15:50:01.891+03:00  INFO 7701 --- [main] r$InitializeUserDetailsManagerConfigurer : Global AuthenticationManager configured with UserDetailsService bean with name inMemoryUserDetailsManager
2026-08-01T15:50:02.124+03:00  INFO 7701 --- [main] o.s.boot.tomcat.TomcatWebServer          : Tomcat started on port 8080 (http) with context path '/'
2026-08-01T15:50:02.142+03:00  INFO 7701 --- [main] com.example.demo.DemoApplication         : Started DemoApplication in 6.124 seconds (process running for 7.933)
2026-08-01T15:57:12.159+03:00  INFO 7701 --- [http-nio-8080-exec-1] o.a.c.c.C.[Tomcat].[localhost].[/]       : Initializing Spring DispatcherServlet 'dispatcherServlet'
2026-08-01T15:57:12.159+03:00  INFO 7701 --- [http-nio-8080-exec-1] o.s.web.servlet.DispatcherServlet        : Initializing Servlet 'dispatcherServlet'
2026-08-01T15:57:12.161+03:00  INFO 7701 --- [http-nio-8080-exec-1] o.s.web.servlet.DispatcherServlet        : Completed initialization in 2 ms
2026-08-01T16:00:35.796+03:00  INFO 7701 --- [SpringApplicationShutdownHook] o.s.boot.tomcat.GracefulShutdown         : Commencing graceful shutdown. Waiting for active requests to complete
2026-08-01T16:00:35.800+03:00  INFO 7701 --- [tomcat-shutdown] o.s.boot.tomcat.GracefulShutdown         : Graceful shutdown complete
2026-08-01T16:00:35.806+03:00  INFO 7701 --- [SpringApplicationShutdownHook] j.LocalContainerEntityManagerFactoryBean : Closing JPA EntityManagerFactory for persistence unit 'default'
2026-08-01T16:00:35.809+03:00  INFO 7701 --- [SpringApplicationShutdownHook] com.zaxxer.hikari.HikariDataSource       : HikariPool-1 - Shutdown initiated...
2026-08-01T16:00:35.833+03:00  INFO 7701 --- [SpringApplicationShutdownHook] com.zaxxer.hikari.HikariDataSource       : HikariPool-1 - Shutdown completed.
2026-08-01T16:00:42.353+03:00  INFO 8058 --- [main] com.example.demo.DemoApplication         : Starting DemoApplication using Java 26.0.1 with PID 8058 (/home/elias/IdeaProjects/Springboot-CRUD-project/target/classes started by elias in /home/elias/IdeaProjects/Springboot-CRUD-project)
2026-08-01T16:00:42.359+03:00  INFO 8058 --- [main] com.example.demo.DemoApplication         : No active profile set, falling back to 1 default profile: "default"
2026-08-01T16:00:43.498+03:00  INFO 8058 --- [main] .s.d.r.c.RepositoryConfigurationDelegate : Bootstrapping Spring Data JPA repositories in DEFAULT mode.
2026-08-01T16:00:43.559+03:00  INFO 8058 --- [main] .s.d.r.c.RepositoryConfigurationDelegate : Finished Spring Data repository scanning in 51 ms. Found 1 JPA repository interface.
2026-08-01T16:00:44.138+03:00  INFO 8058 --- [main] o.s.boot.tomcat.TomcatWebServer          : Tomcat initialized with port 8080 (http)
2026-08-01T16:00:44.151+03:00  INFO 8058 --- [main] o.apache.catalina.core.StandardService   : Starting service [Tomcat]
2026-08-01T16:00:44.152+03:00  INFO 8058 --- [main] o.apache.catalina.core.StandardEngine    : Starting Servlet engine: [Apache Tomcat/11.0.22]
2026-08-01T16:00:44.193+03:00  INFO 8058 --- [main] b.w.c.s.WebApplicationContextInitializer : Root WebApplicationContext: initialization completed in 1749 ms
2026-08-01T16:00:44.435+03:00  INFO 8058 --- [main] org.hibernate.orm.jpa                    : HHH008540: Processing PersistenceUnitInfo [name: default]
2026-08-01T16:00:44.484+03:00  INFO 8058 --- [main] org.hibernate.orm.core                   : HHH000001: Hibernate ORM core version 7.4.1.Final
2026-08-01T16:00:44.994+03:00  INFO 8058 --- [main] o.s.o.j.p.SpringPersistenceUnitInfo      : No LoadTimeWeaver setup: ignoring JPA class transformer
2026-08-01T16:00:45.026+03:00  INFO 8058 --- [main] com.zaxxer.hikari.HikariDataSource       : HikariPool-1 - Starting...
2026-08-01T16:00:45.161+03:00  INFO 8058 --- [main] com.zaxxer.hikari.pool.HikariPool        : HikariPool-1 - Added connection org.postgresql.jdbc.PgConnection@46a388cc
2026-08-01T16:00:45.162+03:00  INFO 8058 --- [main] com.zaxxer.hikari.HikariDataSource       : HikariPool-1 - Start completed.
2026-08-01T16:00:45.190+03:00  WARN 8058 --- [main] org.hibernate.orm.deprecation            : HHH90000025: PostgreSQLDialect does not need to be specified explicitly using 'hibernate.dialect' (remove the property setting and it will be selected by default)
2026-08-01T16:00:45.224+03:00  INFO 8058 --- [main] org.hibernate.orm.connections.pooling    : HHH10001005: Database info:
	Database JDBC URL [jdbc:postgresql://localhost:5432/crud_db]
	Database driver: PostgreSQL JDBC Driver
	Database dialect: PostgreSQLDialect
	Database version: 16.11
	Default catalog/schema: crud_db/public
	Autocommit mode: undefined/unknown
	Isolation level: READ_COMMITTED [default READ_COMMITTED]
	JDBC fetch size: none
	Pool: DataSourceConnectionProvider
	Minimum pool size: undefined/unknown
	Maximum pool size: undefined/unknown
2026-08-01T16:00:46.602+03:00  INFO 8058 --- [main] org.hibernate.orm.core                   : HHH000489: No JTA platform available (set 'hibernate.transaction.jta.platform' to enable JTA platform integration)
2026-08-01T16:00:46.668+03:00  INFO 8058 --- [main] j.LocalContainerEntityManagerFactoryBean : Initialized JPA EntityManagerFactory for persistence unit 'default'
2026-08-01T16:00:46.762+03:00  INFO 8058 --- [main] o.s.d.j.r.query.QueryEnhancerFactories   : Hibernate is in classpath; If applicable, HQL parser will be used.
2026-08-01T16:00:47.073+03:00  WARN 8058 --- [main] JpaBaseConfiguration$JpaWebConfiguration : spring.jpa.open-in-view is enabled by default. Therefore, database queries may be performed during view rendering. Explicitly configure spring.jpa.open-in-view to disable this warning
2026-08-01T16:00:47.184+03:00  WARN 8058 --- [main] .s.a.UserDetailsServiceAutoConfiguration : 

Using generated security password: d9baa8ef-b01b-4146-bb41-664b9cc55297

This generated password is for development use only. Your security configuration must be updated before running your application in production.

2026-08-01T16:00:47.192+03:00  INFO 8058 --- [main] r$InitializeUserDetailsManagerConfigurer : Global AuthenticationManager configured with UserDetailsService bean with name inMemoryUserDetailsManager
2026-08-01T16:00:47.398+03:00 DEBUG 8058 --- [main] o.s.s.web.DefaultSecurityFilterChain     : Will secure any request with filters: DisableEncodeUrlFilter, WebAsyncManagerIntegrationFilter, SecurityContextHolderFilter, HeaderWriterFilter, LogoutFilter, BasicAuthenticationFilter, RequestCacheAwareFilter, SecurityContextHolderAwareRequestFilter, AnonymousAuthenticationFilter, ExceptionTranslationFilter, AuthorizationFilter
2026-08-01T16:00:47.515+03:00 DEBUG 8058 --- [main] s.w.s.m.m.a.RequestMappingHandlerMapping : 6 mappings in 'requestMappingHandlerMapping'
2026-08-01T16:00:47.547+03:00 DEBUG 8058 --- [main] o.s.w.s.handler.SimpleUrlHandlerMapping  : Patterns [/webjars/**, /**] in 'resourceHandlerMapping'
2026-08-01T16:00:47.582+03:00 DEBUG 8058 --- [main] s.w.s.m.m.a.RequestMappingHandlerAdapter : ControllerAdvice beans: 0 @ModelAttribute, 0 @InitBinder, 2 RequestBodyAdvice, 1 ResponseBodyAdvice
2026-08-01T16:00:47.656+03:00 DEBUG 8058 --- [main] .m.m.a.ExceptionHandlerExceptionResolver : ControllerAdvice beans: 1 @ExceptionHandler, 1 ResponseBodyAdvice
2026-08-01T16:00:47.832+03:00  INFO 8058 --- [main] o.s.boot.tomcat.TomcatWebServer          : Tomcat started on port 8080 (http) with context path '/'
2026-08-01T16:00:47.839+03:00  INFO 8058 --- [main] com.example.demo.DemoApplication         : Started DemoApplication in 6.248 seconds (process running for 7.772)
2026-08-01T16:01:06.677+03:00  INFO 8058 --- [http-nio-8080-exec-1] o.a.c.c.C.[Tomcat].[localhost].[/]       : Initializing Spring DispatcherServlet 'dispatcherServlet'
2026-08-01T16:01:06.677+03:00  INFO 8058 --- [http-nio-8080-exec-1] o.s.web.servlet.DispatcherServlet        : Initializing Servlet 'dispatcherServlet'
2026-08-01T16:01:06.678+03:00 DEBUG 8058 --- [http-nio-8080-exec-1] o.s.web.servlet.DispatcherServlet        : Detected StandardServletMultipartResolver
2026-08-01T16:01:06.678+03:00 DEBUG 8058 --- [http-nio-8080-exec-1] o.s.web.servlet.DispatcherServlet        : Detected AcceptHeaderLocaleResolver
2026-08-01T16:01:06.680+03:00 DEBUG 8058 --- [http-nio-8080-exec-1] o.s.web.servlet.DispatcherServlet        : Detected org.springframework.web.servlet.view.DefaultRequestToViewNameTranslator@18174bd9
2026-08-01T16:01:06.681+03:00 DEBUG 8058 --- [http-nio-8080-exec-1] o.s.web.servlet.DispatcherServlet        : Detected org.springframework.web.servlet.support.SessionFlashMapManager@74ed1d35
2026-08-01T16:01:06.683+03:00 DEBUG 8058 --- [http-nio-8080-exec-1] o.s.web.servlet.DispatcherServlet        : enableLoggingRequestDetails='false': request parameters and headers will be masked to prevent unsafe logging of potentially sensitive data
2026-08-01T16:01:06.684+03:00  INFO 8058 --- [http-nio-8080-exec-1] o.s.web.servlet.DispatcherServlet        : Completed initialization in 5 ms
2026-08-01T16:01:06.695+03:00 DEBUG 8058 --- [http-nio-8080-exec-1] o.s.security.web.FilterChainProxy        : Securing GET /api/v1/Student
2026-08-01T16:01:06.706+03:00 DEBUG 8058 --- [http-nio-8080-exec-1] o.s.s.w.a.AnonymousAuthenticationFilter  : Set SecurityContextHolder to anonymous SecurityContext
2026-08-01T16:01:06.722+03:00 DEBUG 8058 --- [http-nio-8080-exec-1] o.s.s.w.s.HttpSessionRequestCache        : Saved request http://localhost:8080/api/v1/Student?continue to session
2026-08-01T16:01:06.722+03:00 DEBUG 8058 --- [http-nio-8080-exec-1] s.w.a.DelegatingAuthenticationEntryPoint : Trying to match using RequestHeaderRequestMatcher [expectedHeaderName=X-Requested-With, expectedHeaderValue=XMLHttpRequest]
2026-08-01T16:01:06.723+03:00 DEBUG 8058 --- [http-nio-8080-exec-1] s.w.a.DelegatingAuthenticationEntryPoint : No match found. Using default entry point org.springframework.security.web.authentication.www.BasicAuthenticationEntryPoint@1042a44e
2026-08-01T16:01:06.728+03:00 DEBUG 8058 --- [http-nio-8080-exec-1] o.s.security.web.FilterChainProxy        : Securing GET /error
2026-08-01T16:01:06.729+03:00 DEBUG 8058 --- [http-nio-8080-exec-1] o.s.s.w.a.AnonymousAuthenticationFilter  : Set SecurityContextHolder to anonymous SecurityContext
2026-08-01T16:01:06.731+03:00 DEBUG 8058 --- [http-nio-8080-exec-1] o.s.s.w.s.HttpSessionRequestCache        : Saved request http://localhost:8080/error?continue to session
2026-08-01T16:01:06.731+03:00 DEBUG 8058 --- [http-nio-8080-exec-1] s.w.a.DelegatingAuthenticationEntryPoint : Trying to match using RequestHeaderRequestMatcher [expectedHeaderName=X-Requested-With, expectedHeaderValue=XMLHttpRequest]
2026-08-01T16:01:06.732+03:00 DEBUG 8058 --- [http-nio-8080-exec-1] s.w.a.DelegatingAuthenticationEntryPoint : No match found. Using default entry point org.springframework.security.web.authentication.www.BasicAuthenticationEntryPoint@1042a44e
2026-08-01T16:01:16.112+03:00 DEBUG 8058 --- [http-nio-8080-exec-2] o.s.security.web.FilterChainProxy        : Securing GET /api/v1/Student
2026-08-01T16:01:16.376+03:00 DEBUG 8058 --- [http-nio-8080-exec-2] o.s.s.a.dao.DaoAuthenticationProvider    : Authenticated user
2026-08-01T16:01:16.377+03:00 DEBUG 8058 --- [http-nio-8080-exec-2] o.s.s.w.a.www.BasicAuthenticationFilter  : Set SecurityContextHolder to UsernamePasswordAuthenticationToken [Principal=org.springframework.security.core.userdetails.User [Username=user, Password=[PROTECTED], Enabled=true, AccountNonExpired=true, CredentialsNonExpired=true, AccountNonLocked=true, Granted Authorities=[]], Credentials=[PROTECTED], Authenticated=true, Details=WebAuthenticationDetails [RemoteIpAddress=0:0:0:0:0:0:0:1, SessionId=BC299D6BBD3C06FE146502EBADB8C931], Granted Authorities=[FactorGrantedAuthority [authority=FACTOR_PASSWORD, issuedAt=2026-08-01T13:01:16.376718183Z]]]
2026-08-01T16:01:16.378+03:00 DEBUG 8058 --- [http-nio-8080-exec-2] o.s.security.web.FilterChainProxy        : Secured GET /api/v1/Student
2026-08-01T16:01:16.380+03:00 DEBUG 8058 --- [http-nio-8080-exec-2] o.s.web.servlet.DispatcherServlet        : GET "/api/v1/Student", parameters={}
2026-08-01T16:01:16.388+03:00 DEBUG 8058 --- [http-nio-8080-exec-2] o.s.w.s.handler.SimpleUrlHandlerMapping  : Mapped to ResourceHttpRequestHandler [classpath [META-INF/resources/], classpath [resources/], classpath [static/], classpath [public/], ServletContext [/]]
2026-08-01T16:01:16.398+03:00 DEBUG 8058 --- [http-nio-8080-exec-2] o.s.w.s.r.ResourceHttpRequestHandler     : Resource not found for path [api/v1/Student]
2026-08-01T16:01:16.403+03:00 DEBUG 8058 --- [http-nio-8080-exec-2] .w.s.m.s.DefaultHandlerExceptionResolver : Resolved [org.springframework.web.servlet.resource.NoResourceFoundException: No static resource api/v1/Student for request '/api/v1/Student'.]
2026-08-01T16:01:16.404+03:00 DEBUG 8058 --- [http-nio-8080-exec-2] o.s.web.servlet.DispatcherServlet        : Completed 404 NOT_FOUND
2026-08-01T16:01:16.405+03:00 DEBUG 8058 --- [http-nio-8080-exec-2] o.s.security.web.FilterChainProxy        : Securing GET /error
2026-08-01T16:01:16.405+03:00 DEBUG 8058 --- [http-nio-8080-exec-2] o.s.security.web.FilterChainProxy        : Secured GET /error
2026-08-01T16:01:16.406+03:00 DEBUG 8058 --- [http-nio-8080-exec-2] o.s.web.servlet.DispatcherServlet        : "ERROR" dispatch for GET "/error", parameters={}
2026-08-01T16:01:16.408+03:00 DEBUG 8058 --- [http-nio-8080-exec-2] s.w.s.m.m.a.RequestMappingHandlerMapping : Mapped to org.springframework.boot.webmvc.autoconfigure.error.BasicErrorController#errorHtml(HttpServletRequest, HttpServletResponse)
2026-08-01T16:01:16.431+03:00 DEBUG 8058 --- [http-nio-8080-exec-2] o.s.w.s.v.ContentNegotiatingViewResolver : Selected 'text/html' given [text/html, text/html;q=0.8]
2026-08-01T16:01:16.436+03:00 DEBUG 8058 --- [http-nio-8080-exec-2] o.s.web.servlet.DispatcherServlet        : Exiting from "ERROR" dispatch, status 404
2026-08-01T16:05:36.741+03:00 DEBUG 8058 --- [http-nio-8080-exec-4] o.s.security.web.FilterChainProxy        : Securing GET /api/v1/Student
2026-08-01T16:05:36.888+03:00 DEBUG 8058 --- [http-nio-8080-exec-4] o.s.s.a.dao.DaoAuthenticationProvider    : Authenticated user
2026-08-01T16:05:36.888+03:00 DEBUG 8058 --- [http-nio-8080-exec-4] o.s.s.w.a.www.BasicAuthenticationFilter  : Set SecurityContextHolder to UsernamePasswordAuthenticationToken [Principal=org.springframework.security.core.userdetails.User [Username=user, Password=[PROTECTED], Enabled=true, AccountNonExpired=true, CredentialsNonExpired=true, AccountNonLocked=true, Granted Authorities=[]], Credentials=[PROTECTED], Authenticated=true, Details=WebAuthenticationDetails [RemoteIpAddress=0:0:0:0:0:0:0:1, SessionId=BC299D6BBD3C06FE146502EBADB8C931], Granted Authorities=[FactorGrantedAuthority [authority=FACTOR_PASSWORD, issuedAt=2026-08-01T13:05:36.888080019Z]]]
2026-08-01T16:05:36.889+03:00 DEBUG 8058 --- [http-nio-8080-exec-4] o.s.security.web.FilterChainProxy        : Secured GET /api/v1/Student
2026-08-01T16:05:36.889+03:00 DEBUG 8058 --- [http-nio-8080-exec-4] o.s.web.servlet.DispatcherServlet        : GET "/api/v1/Student", parameters={}
2026-08-01T16:05:36.890+03:00 DEBUG 8058 --- [http-nio-8080-exec-4] o.s.w.s.handler.SimpleUrlHandlerMapping  : Mapped to ResourceHttpRequestHandler [classpath [META-INF/resources/], classpath [resources/], classpath [static/], classpath [public/], ServletContext [/]]
2026-08-01T16:05:36.892+03:00 DEBUG 8058 --- [http-nio-8080-exec-4] o.s.w.s.r.ResourceHttpRequestHandler     : Resource not found for path [api/v1/Student]
2026-08-01T16:05:36.894+03:00 DEBUG 8058 --- [http-nio-8080-exec-4] .w.s.m.s.DefaultHandlerExceptionResolver : Resolved [org.springframework.web.servlet.resource.NoResourceFoundException: No static resource api/v1/Student for request '/api/v1/Student'.]
2026-08-01T16:05:36.895+03:00 DEBUG 8058 --- [http-nio-8080-exec-4] o.s.web.servlet.DispatcherServlet        : Completed 404 NOT_FOUND
2026-08-01T16:05:36.895+03:00 DEBUG 8058 --- [http-nio-8080-exec-4] o.s.security.web.FilterChainProxy        : Securing GET /error
2026-08-01T16:05:36.896+03:00 DEBUG 8058 --- [http-nio-8080-exec-4] o.s.security.web.FilterChainProxy        : Secured GET /error
2026-08-01T16:05:36.896+03:00 DEBUG 8058 --- [http-nio-8080-exec-4] o.s.web.servlet.DispatcherServlet        : "ERROR" dispatch for GET "/error", parameters={}
2026-08-01T16:05:36.897+03:00 DEBUG 8058 --- [http-nio-8080-exec-4] s.w.s.m.m.a.RequestMappingHandlerMapping : Mapped to org.springframework.boot.webmvc.autoconfigure.error.BasicErrorController#errorHtml(HttpServletRequest, HttpServletResponse)
2026-08-01T16:05:36.899+03:00 DEBUG 8058 --- [http-nio-8080-exec-4] o.s.w.s.v.ContentNegotiatingViewResolver : Selected 'text/html' given [text/html, text/html;q=0.8]
2026-08-01T16:05:36.899+03:00 DEBUG 8058 --- [http-nio-8080-exec-4] o.s.web.servlet.DispatcherServlet        : Exiting from "ERROR" dispatch, status 404
2026-08-01T16:05:39.651+03:00 DEBUG 8058 --- [http-nio-8080-exec-5] o.s.security.web.FilterChainProxy        : Securing GET /api/v1/Student
2026-08-01T16:05:39.778+03:00 DEBUG 8058 --- [http-nio-8080-exec-5] o.s.s.a.dao.DaoAuthenticationProvider    : Authenticated user
2026-08-01T16:05:39.778+03:00 DEBUG 8058 --- [http-nio-8080-exec-5] o.s.s.w.a.www.BasicAuthenticationFilter  : Set SecurityContextHolder to UsernamePasswordAuthenticationToken [Principal=org.springframework.security.core.userdetails.User [Username=user, Password=[PROTECTED], Enabled=true, AccountNonExpired=true, CredentialsNonExpired=true, AccountNonLocked=true, Granted Authorities=[]], Credentials=[PROTECTED], Authenticated=true, Details=WebAuthenticationDetails [RemoteIpAddress=0:0:0:0:0:0:0:1, SessionId=BC299D6BBD3C06FE146502EBADB8C931], Granted Authorities=[FactorGrantedAuthority [authority=FACTOR_PASSWORD, issuedAt=2026-08-01T13:05:39.778150605Z]]]
2026-08-01T16:05:39.779+03:00 DEBUG 8058 --- [http-nio-8080-exec-5] o.s.security.web.FilterChainProxy        : Secured GET /api/v1/Student
2026-08-01T16:05:39.780+03:00 DEBUG 8058 --- [http-nio-8080-exec-5] o.s.web.servlet.DispatcherServlet        : GET "/api/v1/Student", parameters={}
2026-08-01T16:05:39.781+03:00 DEBUG 8058 --- [http-nio-8080-exec-5] o.s.w.s.handler.SimpleUrlHandlerMapping  : Mapped to ResourceHttpRequestHandler [classpath [META-INF/resources/], classpath [resources/], classpath [static/], classpath [public/], ServletContext [/]]
2026-08-01T16:05:39.782+03:00 DEBUG 8058 --- [http-nio-8080-exec-5] o.s.w.s.r.ResourceHttpRequestHandler     : Resource not found for path [api/v1/Student]
2026-08-01T16:05:39.783+03:00 DEBUG 8058 --- [http-nio-8080-exec-5] .w.s.m.s.DefaultHandlerExceptionResolver : Resolved [org.springframework.web.servlet.resource.NoResourceFoundException: No static resource api/v1/Student for request '/api/v1/Student'.]
2026-08-01T16:05:39.783+03:00 DEBUG 8058 --- [http-nio-8080-exec-5] o.s.web.servlet.DispatcherServlet        : Completed 404 NOT_FOUND
2026-08-01T16:05:39.784+03:00 DEBUG 8058 --- [http-nio-8080-exec-5] o.s.security.web.FilterChainProxy        : Securing GET /error
2026-08-01T16:05:39.784+03:00 DEBUG 8058 --- [http-nio-8080-exec-5] o.s.security.web.FilterChainProxy        : Secured GET /error
2026-08-01T16:05:39.785+03:00 DEBUG 8058 --- [http-nio-8080-exec-5] o.s.web.servlet.DispatcherServlet        : "ERROR" dispatch for GET "/error", parameters={}
2026-08-01T16:05:39.785+03:00 DEBUG 8058 --- [http-nio-8080-exec-5] s.w.s.m.m.a.RequestMappingHandlerMapping : Mapped to org.springframework.boot.webmvc.autoconfigure.error.BasicErrorController#errorHtml(HttpServletRequest, HttpServletResponse)
2026-08-01T16:05:39.788+03:00 DEBUG 8058 --- [http-nio-8080-exec-5] o.s.w.s.v.ContentNegotiatingViewResolver : Selected 'text/html' given [text/html, text/html;q=0.8]
2026-08-01T16:05:39.788+03:00 DEBUG 8058 --- [http-nio-8080-exec-5] o.s.web.servlet.DispatcherServlet        : Exiting from "ERROR" dispatch, status 404
2026-08-01T16:08:09.220+03:00 DEBUG 8058 --- [http-nio-8080-exec-7] o.s.security.web.FilterChainProxy        : Securing GET /api/v1/Student
2026-08-01T16:08:09.339+03:00 DEBUG 8058 --- [http-nio-8080-exec-7] o.s.s.a.dao.DaoAuthenticationProvider    : Authenticated user
2026-08-01T16:08:09.340+03:00 DEBUG 8058 --- [http-nio-8080-exec-7] o.s.s.w.a.www.BasicAuthenticationFilter  : Set SecurityContextHolder to UsernamePasswordAuthenticationToken [Principal=org.springframework.security.core.userdetails.User [Username=user, Password=[PROTECTED], Enabled=true, AccountNonExpired=true, CredentialsNonExpired=true, AccountNonLocked=true, Granted Authorities=[]], Credentials=[PROTECTED], Authenticated=true, Details=WebAuthenticationDetails [RemoteIpAddress=0:0:0:0:0:0:0:1, SessionId=BC299D6BBD3C06FE146502EBADB8C931], Granted Authorities=[FactorGrantedAuthority [authority=FACTOR_PASSWORD, issuedAt=2026-08-01T13:08:09.339616998Z]]]
2026-08-01T16:08:09.340+03:00 DEBUG 8058 --- [http-nio-8080-exec-7] o.s.security.web.FilterChainProxy        : Secured GET /api/v1/Student
2026-08-01T16:08:09.340+03:00 DEBUG 8058 --- [http-nio-8080-exec-7] o.s.web.servlet.DispatcherServlet        : GET "/api/v1/Student", parameters={}
2026-08-01T16:08:09.341+03:00 DEBUG 8058 --- [http-nio-8080-exec-7] o.s.w.s.handler.SimpleUrlHandlerMapping  : Mapped to ResourceHttpRequestHandler [classpath [META-INF/resources/], classpath [resources/], classpath [static/], classpath [public/], ServletContext [/]]
2026-08-01T16:08:09.342+03:00 DEBUG 8058 --- [http-nio-8080-exec-7] o.s.w.s.r.ResourceHttpRequestHandler     : Resource not found for path [api/v1/Student]
2026-08-01T16:08:09.343+03:00 DEBUG 8058 --- [http-nio-8080-exec-7] .w.s.m.s.DefaultHandlerExceptionResolver : Resolved [org.springframework.web.servlet.resource.NoResourceFoundException: No static resource api/v1/Student for request '/api/v1/Student'.]
2026-08-01T16:08:09.344+03:00 DEBUG 8058 --- [http-nio-8080-exec-7] o.s.web.servlet.DispatcherServlet        : Completed 404 NOT_FOUND
2026-08-01T16:08:09.344+03:00 DEBUG 8058 --- [http-nio-8080-exec-7] o.s.security.web.FilterChainProxy        : Securing GET /error
2026-08-01T16:08:09.345+03:00 DEBUG 8058 --- [http-nio-8080-exec-7] o.s.security.web.FilterChainProxy        : Secured GET /error
2026-08-01T16:08:09.345+03:00 DEBUG 8058 --- [http-nio-8080-exec-7] o.s.web.servlet.DispatcherServlet        : "ERROR" dispatch for GET "/error", parameters={}
2026-08-01T16:08:09.345+03:00 DEBUG 8058 --- [http-nio-8080-exec-7] s.w.s.m.m.a.RequestMappingHandlerMapping : Mapped to org.springframework.boot.webmvc.autoconfigure.error.BasicErrorController#errorHtml(HttpServletRequest, HttpServletResponse)
2026-08-01T16:08:09.347+03:00 DEBUG 8058 --- [http-nio-8080-exec-7] o.s.w.s.v.ContentNegotiatingViewResolver : Selected 'text/html' given [text/html, text/html;q=0.8]
2026-08-01T16:08:09.348+03:00 DEBUG 8058 --- [http-nio-8080-exec-7] o.s.web.servlet.DispatcherServlet        : Exiting from "ERROR" dispatch, status 404
2026-08-01T16:10:20.604+03:00 DEBUG 8058 --- [http-nio-8080-exec-9] o.s.security.web.FilterChainProxy        : Securing GET /api/v1/student
2026-08-01T16:10:20.607+03:00 DEBUG 8058 --- [http-nio-8080-exec-9] o.s.security.web.FilterChainProxy        : Secured GET /api/v1/student
2026-08-01T16:10:20.609+03:00 DEBUG 8058 --- [http-nio-8080-exec-9] o.s.web.servlet.DispatcherServlet        : GET "/api/v1/student", parameters={}
2026-08-01T16:10:20.610+03:00 DEBUG 8058 --- [http-nio-8080-exec-9] s.w.s.m.m.a.RequestMappingHandlerMapping : Mapped to com.example.demo.controller.StudentController#getStudents()
2026-08-01T16:10:20.623+03:00  INFO 8058 --- [http-nio-8080-exec-9] c.example.demo.service.StudentService    : Fetching all students
2026-08-01T16:10:20.781+03:00 DEBUG 8058 --- [http-nio-8080-exec-9] org.hibernate.SQL                        : select s1_0.id,s1_0.age,s1_0.dob,s1_0.email,s1_0.name from student s1_0
2026-08-01T16:10:20.849+03:00 DEBUG 8058 --- [http-nio-8080-exec-9] m.m.a.RequestResponseBodyMethodProcessor : Using 'application/json', given [*/*] and supported [application/json, application/*+json]
2026-08-01T16:10:20.852+03:00 DEBUG 8058 --- [http-nio-8080-exec-9] m.m.a.RequestResponseBodyMethodProcessor : Writing [[Student{id=1, name='Marriam', email='Marriam.j@gmail.com', dob=1999-01-01, age=20}, Student{id=2, n (truncated)...]
2026-08-01T16:10:20.931+03:00 DEBUG 8058 --- [http-nio-8080-exec-9] o.s.web.servlet.DispatcherServlet        : Completed 200 OK
2026-08-01T16:10:20.932+03:00 DEBUG 8058 --- [http-nio-8080-exec-9] o.s.s.w.a.AnonymousAuthenticationFilter  : Set SecurityContextHolder to anonymous SecurityContext
2026-08-01T16:11:38.431+03:00 DEBUG 8058 --- [http-nio-8080-exec-1] o.s.security.web.FilterChainProxy        : Securing GET /api/v1/student
2026-08-01T16:11:38.432+03:00 DEBUG 8058 --- [http-nio-8080-exec-1] o.s.security.web.FilterChainProxy        : Secured GET /api/v1/student
2026-08-01T16:11:38.433+03:00 DEBUG 8058 --- [http-nio-8080-exec-1] o.s.web.servlet.DispatcherServlet        : GET "/api/v1/student", parameters={}
2026-08-01T16:11:38.434+03:00 DEBUG 8058 --- [http-nio-8080-exec-1] s.w.s.m.m.a.RequestMappingHandlerMapping : Mapped to com.example.demo.controller.StudentController#getStudents()
2026-08-01T16:11:38.435+03:00  INFO 8058 --- [http-nio-8080-exec-1] c.example.demo.service.StudentService    : Fetching all students
2026-08-01T16:11:38.437+03:00 DEBUG 8058 --- [http-nio-8080-exec-1] org.hibernate.SQL                        : select s1_0.id,s1_0.age,s1_0.dob,s1_0.email,s1_0.name from student s1_0
2026-08-01T16:11:38.443+03:00 DEBUG 8058 --- [http-nio-8080-exec-1] m.m.a.RequestResponseBodyMethodProcessor : Using 'application/json;q=0.8', given [text/html, application/xhtml+xml, image/avif, image/webp, image/apng, application/xml;q=0.9, */*;q=0.8] and supported [application/json, application/*+json]
2026-08-01T16:11:38.444+03:00 DEBUG 8058 --- [http-nio-8080-exec-1] m.m.a.RequestResponseBodyMethodProcessor : Writing [[Student{id=1, name='Marriam', email='Marriam.j@gmail.com', dob=1999-01-01, age=20}, Student{id=2, n (truncated)...]
2026-08-01T16:11:38.446+03:00 DEBUG 8058 --- [http-nio-8080-exec-1] o.s.web.servlet.DispatcherServlet        : Completed 200 OK
2026-08-01T16:11:38.447+03:00 DEBUG 8058 --- [http-nio-8080-exec-1] o.s.s.w.a.AnonymousAuthenticationFilter  : Set SecurityContextHolder to anonymous SecurityContext
2026-08-01T16:46:17.733+03:00  INFO 8058 --- [SpringApplicationShutdownHook] o.s.boot.tomcat.GracefulShutdown         : Commencing graceful shutdown. Waiting for active requests to complete
2026-08-01T16:46:17.751+03:00  INFO 8058 --- [tomcat-shutdown] o.s.boot.tomcat.GracefulShutdown         : Graceful shutdown complete
2026-08-01T16:46:17.766+03:00  INFO 8058 --- [SpringApplicationShutdownHook] j.LocalContainerEntityManagerFactoryBean : Closing JPA EntityManagerFactory for persistence unit 'default'
2026-08-01T16:46:17.771+03:00  INFO 8058 --- [SpringApplicationShutdownHook] com.zaxxer.hikari.HikariDataSource       : HikariPool-1 - Shutdown initiated...
2026-08-01T16:46:17.784+03:00  INFO 8058 --- [SpringApplicationShutdownHook] com.zaxxer.hikari.HikariDataSource       : HikariPool-1 - Shutdown completed.
2026-08-01T16:46:29.874+03:00  INFO 9396 --- [main] com.example.demo.DemoApplication         : Starting DemoApplication using Java 26.0.1 with PID 9396 (/home/elias/IdeaProjects/Springboot-CRUD-project/target/classes started by elias in /home/elias/IdeaProjects/Springboot-CRUD-project)
2026-08-01T16:46:29.880+03:00  INFO 9396 --- [main] com.example.demo.DemoApplication         : No active profile set, falling back to 1 default profile: "default"
2026-08-01T16:46:31.730+03:00  INFO 9396 --- [main] .s.d.r.c.RepositoryConfigurationDelegate : Bootstrapping Spring Data JPA repositories in DEFAULT mode.
2026-08-01T16:46:31.824+03:00  INFO 9396 --- [main] .s.d.r.c.RepositoryConfigurationDelegate : Finished Spring Data repository scanning in 78 ms. Found 1 JPA repository interface.
2026-08-01T16:46:32.877+03:00  INFO 9396 --- [main] o.s.boot.tomcat.TomcatWebServer          : Tomcat initialized with port 8080 (http)
2026-08-01T16:46:32.910+03:00  INFO 9396 --- [main] o.apache.catalina.core.StandardService   : Starting service [Tomcat]
2026-08-01T16:46:32.911+03:00  INFO 9396 --- [main] o.apache.catalina.core.StandardEngine    : Starting Servlet engine: [Apache Tomcat/11.0.22]
2026-08-01T16:46:33.085+03:00  INFO 9396 --- [main] b.w.c.s.WebApplicationContextInitializer : Root WebApplicationContext: initialization completed in 3012 ms
2026-08-01T16:46:33.918+03:00  INFO 9396 --- [main] org.hibernate.orm.jpa                    : HHH008540: Processing PersistenceUnitInfo [name: default]
2026-08-01T16:46:34.167+03:00  INFO 9396 --- [main] org.hibernate.orm.core                   : HHH000001: Hibernate ORM core version 7.4.1.Final
2026-08-01T16:46:35.288+03:00  INFO 9396 --- [main] o.s.o.j.p.SpringPersistenceUnitInfo      : No LoadTimeWeaver setup: ignoring JPA class transformer
2026-08-01T16:46:35.340+03:00  INFO 9396 --- [main] com.zaxxer.hikari.HikariDataSource       : HikariPool-1 - Starting...
2026-08-01T16:46:35.585+03:00  INFO 9396 --- [main] com.zaxxer.hikari.pool.HikariPool        : HikariPool-1 - Added connection org.postgresql.jdbc.PgConnection@61993d18
2026-08-01T16:46:35.588+03:00  INFO 9396 --- [main] com.zaxxer.hikari.HikariDataSource       : HikariPool-1 - Start completed.
2026-08-01T16:46:35.640+03:00  WARN 9396 --- [main] org.hibernate.orm.deprecation            : HHH90000025: PostgreSQLDialect does not need to be specified explicitly using 'hibernate.dialect' (remove the property setting and it will be selected by default)
2026-08-01T16:46:35.674+03:00  INFO 9396 --- [main] org.hibernate.orm.connections.pooling    : HHH10001005: Database info:
	Database JDBC URL [jdbc:postgresql://localhost:5432/crud_db]
	Database driver: PostgreSQL JDBC Driver
	Database dialect: PostgreSQLDialect
	Database version: 16.11
	Default catalog/schema: crud_db/public
	Autocommit mode: undefined/unknown
	Isolation level: READ_COMMITTED [default READ_COMMITTED]
	JDBC fetch size: none
	Pool: DataSourceConnectionProvider
	Minimum pool size: undefined/unknown
	Maximum pool size: undefined/unknown
2026-08-01T16:46:37.223+03:00  INFO 9396 --- [main] org.hibernate.orm.core                   : HHH000489: No JTA platform available (set 'hibernate.transaction.jta.platform' to enable JTA platform integration)
2026-08-01T16:46:37.339+03:00  INFO 9396 --- [main] j.LocalContainerEntityManagerFactoryBean : Initialized JPA EntityManagerFactory for persistence unit 'default'
2026-08-01T16:46:37.530+03:00  INFO 9396 --- [main] o.s.d.j.r.query.QueryEnhancerFactories   : Hibernate is in classpath; If applicable, HQL parser will be used.
2026-08-01T16:46:37.918+03:00  WARN 9396 --- [main] JpaBaseConfiguration$JpaWebConfiguration : spring.jpa.open-in-view is enabled by default. Therefore, database queries may be performed during view rendering. Explicitly configure spring.jpa.open-in-view to disable this warning
2026-08-01T16:46:38.105+03:00  WARN 9396 --- [main] .s.a.UserDetailsServiceAutoConfiguration : 

Using generated security password: bf206ae5-e065-4cd6-8e4c-6658a7b7cf6b

This generated password is for development use only. Your security configuration must be updated before running your application in production.

2026-08-01T16:46:38.135+03:00  INFO 9396 --- [main] r$InitializeUserDetailsManagerConfigurer : Global AuthenticationManager configured with UserDetailsService bean with name inMemoryUserDetailsManager
2026-08-01T16:46:38.513+03:00 DEBUG 9396 --- [main] o.s.s.web.DefaultSecurityFilterChain     : Will secure any request with filters: DisableEncodeUrlFilter, WebAsyncManagerIntegrationFilter, SecurityContextHolderFilter, HeaderWriterFilter, LogoutFilter, BasicAuthenticationFilter, RequestCacheAwareFilter, SecurityContextHolderAwareRequestFilter, AnonymousAuthenticationFilter, ExceptionTranslationFilter, AuthorizationFilter
2026-08-01T16:46:38.674+03:00 DEBUG 9396 --- [main] s.w.s.m.m.a.RequestMappingHandlerMapping : 6 mappings in 'requestMappingHandlerMapping'
2026-08-01T16:46:38.716+03:00 DEBUG 9396 --- [main] o.s.w.s.handler.SimpleUrlHandlerMapping  : Patterns [/webjars/**, /**] in 'resourceHandlerMapping'
2026-08-01T16:46:38.781+03:00 DEBUG 9396 --- [main] s.w.s.m.m.a.RequestMappingHandlerAdapter : ControllerAdvice beans: 0 @ModelAttribute, 0 @InitBinder, 2 RequestBodyAdvice, 1 ResponseBodyAdvice
2026-08-01T16:46:38.851+03:00 DEBUG 9396 --- [main] .m.m.a.ExceptionHandlerExceptionResolver : ControllerAdvice beans: 1 @ExceptionHandler, 1 ResponseBodyAdvice
2026-08-01T16:46:39.134+03:00  INFO 9396 --- [main] o.s.boot.tomcat.TomcatWebServer          : Tomcat started on port 8080 (http) with context path '/'
2026-08-01T16:46:39.146+03:00  INFO 9396 --- [main] com.example.demo.DemoApplication         : Started DemoApplication in 10.414 seconds (process running for 12.883)
2026-08-01T16:47:09.944+03:00  INFO 9396 --- [http-nio-8080-exec-1] o.a.c.c.C.[Tomcat].[localhost].[/]       : Initializing Spring DispatcherServlet 'dispatcherServlet'
2026-08-01T16:47:09.947+03:00  INFO 9396 --- [http-nio-8080-exec-1] o.s.web.servlet.DispatcherServlet        : Initializing Servlet 'dispatcherServlet'
2026-08-01T16:47:09.949+03:00 DEBUG 9396 --- [http-nio-8080-exec-1] o.s.web.servlet.DispatcherServlet        : Detected StandardServletMultipartResolver
2026-08-01T16:47:09.951+03:00 DEBUG 9396 --- [http-nio-8080-exec-1] o.s.web.servlet.DispatcherServlet        : Detected AcceptHeaderLocaleResolver
2026-08-01T16:47:09.960+03:00 DEBUG 9396 --- [http-nio-8080-exec-1] o.s.web.servlet.DispatcherServlet        : Detected org.springframework.web.servlet.view.DefaultRequestToViewNameTranslator@18174bd9
2026-08-01T16:47:09.964+03:00 DEBUG 9396 --- [http-nio-8080-exec-1] o.s.web.servlet.DispatcherServlet        : Detected org.springframework.web.servlet.support.SessionFlashMapManager@74ed1d35
2026-08-01T16:47:09.966+03:00 DEBUG 9396 --- [http-nio-8080-exec-1] o.s.web.servlet.DispatcherServlet        : enableLoggingRequestDetails='false': request parameters and headers will be masked to prevent unsafe logging of potentially sensitive data
2026-08-01T16:47:09.967+03:00  INFO 9396 --- [http-nio-8080-exec-1] o.s.web.servlet.DispatcherServlet        : Completed initialization in 19 ms
2026-08-01T16:47:10.012+03:00 DEBUG 9396 --- [http-nio-8080-exec-1] o.s.security.web.FilterChainProxy        : Securing GET /api/v1/Student
2026-08-01T16:47:10.422+03:00 DEBUG 9396 --- [http-nio-8080-exec-1] o.s.s.a.dao.DaoAuthenticationProvider    : Failed to authenticate since password does not match stored value
2026-08-01T16:47:10.427+03:00 DEBUG 9396 --- [http-nio-8080-exec-1] o.s.s.authentication.ProviderManager     : Authentication failed with provider DaoAuthenticationProvider since Bad credentials
2026-08-01T16:47:10.429+03:00 DEBUG 9396 --- [http-nio-8080-exec-1] o.s.s.authentication.ProviderManager     : Denying authentication since all attempted providers failed
2026-08-01T16:47:10.429+03:00 DEBUG 9396 --- [http-nio-8080-exec-1] o.s.s.w.a.www.BasicAuthenticationFilter  : Failed to process authentication request

org.springframework.security.authentication.BadCredentialsException: Bad credentials
	at org.springframework.security.authentication.dao.DaoAuthenticationProvider.additionalAuthenticationChecks(DaoAuthenticationProvider.java:92) ~[spring-security-core-7.1.0.jar:7.1.0]
	at org.springframework.security.authentication.dao.AbstractUserDetailsAuthenticationProvider.performPreCheck(AbstractUserDetailsAuthenticationProvider.java:198) ~[spring-security-core-7.1.0.jar:7.1.0]
	at org.springframework.security.authentication.dao.AbstractUserDetailsAuthenticationProvider.authenticate(AbstractUserDetailsAuthenticationProvider.java:159) ~[spring-security-core-7.1.0.jar:7.1.0]
	at org.springframework.security.authentication.ProviderManager.authenticate(ProviderManager.java:183) ~[spring-security-core-7.1.0.jar:7.1.0]
	at org.springframework.security.authentication.ProviderManager.authenticate(ProviderManager.java:215) ~[spring-security-core-7.1.0.jar:7.1.0]
	at org.springframework.security.web.authentication.www.BasicAuthenticationFilter.doFilterInternal(BasicAuthenticationFilter.java:204) ~[spring-security-web-7.1.0.jar:7.1.0]
	at org.springframework.web.filter.OncePerRequestFilter.doFilter(OncePerRequestFilter.java:116) ~[spring-web-7.0.8.jar:7.0.8]
	at org.springframework.security.web.FilterChainProxy$VirtualFilterChain.doFilter(FilterChainProxy.java:385) ~[spring-security-web-7.1.0.jar:7.1.0]
	at org.springframework.security.web.authentication.logout.LogoutFilter.doFilter(LogoutFilter.java:110) ~[spring-security-web-7.1.0.jar:7.1.0]
	at org.springframework.security.web.authentication.logout.LogoutFilter.doFilter(LogoutFilter.java:96) ~[spring-security-web-7.1.0.jar:7.1.0]
	at org.springframework.security.web.FilterChainProxy$VirtualFilterChain.doFilter(FilterChainProxy.java:385) ~[spring-security-web-7.1.0.jar:7.1.0]
	at org.springframework.security.web.header.HeaderWriterFilter.doHeadersAfter(HeaderWriterFilter.java:90) ~[spring-security-web-7.1.0.jar:7.1.0]
	at org.springframework.security.web.header.HeaderWriterFilter.doFilterInternal(HeaderWriterFilter.java:75) ~[spring-security-web-7.1.0.jar:7.1.0]
	at org.springframework.web.filter.OncePerRequestFilter.doFilter(OncePerRequestFilter.java:116) ~[spring-web-7.0.8.jar:7.0.8]
	at org.springframework.security.web.FilterChainProxy$VirtualFilterChain.doFilter(FilterChainProxy.java:385) ~[spring-security-web-7.1.0.jar:7.1.0]
	at org.springframework.security.web.context.SecurityContextHolderFilter.doFilter(SecurityContextHolderFilter.java:82) ~[spring-security-web-7.1.0.jar:7.1.0]
	at org.springframework.security.web.context.SecurityContextHolderFilter.doFilter(SecurityContextHolderFilter.java:69) ~[spring-security-web-7.1.0.jar:7.1.0]
	at org.springframework.security.web.FilterChainProxy$VirtualFilterChain.doFilter(FilterChainProxy.java:385) ~[spring-security-web-7.1.0.jar:7.1.0]
	at org.springframework.security.web.context.request.async.WebAsyncManagerIntegrationFilter.doFilterInternal(WebAsyncManagerIntegrationFilter.java:62) ~[spring-security-web-7.1.0.jar:7.1.0]
	at org.springframework.web.filter.OncePerRequestFilter.doFilter(OncePerRequestFilter.java:116) ~[spring-web-7.0.8.jar:7.0.8]
	at org.springframework.security.web.FilterChainProxy$VirtualFilterChain.doFilter(FilterChainProxy.java:385) ~[spring-security-web-7.1.0.jar:7.1.0]
	at org.springframework.security.web.session.DisableEncodeUrlFilter.doFilterInternal(DisableEncodeUrlFilter.java:42) ~[spring-security-web-7.1.0.jar:7.1.0]
	at org.springframework.web.filter.OncePerRequestFilter.doFilter(OncePerRequestFilter.java:116) ~[spring-web-7.0.8.jar:7.0.8]
	at org.springframework.security.web.FilterChainProxy$VirtualFilterChain.doFilter(FilterChainProxy.java:385) ~[spring-security-web-7.1.0.jar:7.1.0]
	at org.springframework.security.web.FilterChainProxy.doFilterInternal(FilterChainProxy.java:237) ~[spring-security-web-7.1.0.jar:7.1.0]
	at org.springframework.security.web.FilterChainProxy.doFilter(FilterChainProxy.java:195) ~[spring-security-web-7.1.0.jar:7.1.0]
	at org.springframework.web.filter.CompositeFilter$VirtualFilterChain.doFilter(CompositeFilter.java:113) ~[spring-web-7.0.8.jar:7.0.8]
	at org.springframework.web.filter.ServletRequestPathFilter.doFilter(ServletRequestPathFilter.java:52) ~[spring-web-7.0.8.jar:7.0.8]
	at org.springframework.web.filter.CompositeFilter$VirtualFilterChain.doFilter(CompositeFilter.java:113) ~[spring-web-7.0.8.jar:7.0.8]
	at org.springframework.web.filter.CompositeFilter.doFilter(CompositeFilter.java:74) ~[spring-web-7.0.8.jar:7.0.8]
	at org.springframework.security.config.annotation.web.configuration.WebSecurityConfiguration$CompositeFilterChainProxy.doFilter(WebSecurityConfiguration.java:317) ~[spring-security-config-7.1.0.jar:7.1.0]
	at org.springframework.web.filter.DelegatingFilterProxy.invokeDelegate(DelegatingFilterProxy.java:355) ~[spring-web-7.0.8.jar:7.0.8]
	at org.springframework.web.filter.DelegatingFilterProxy.doFilter(DelegatingFilterProxy.java:272) ~[spring-web-7.0.8.jar:7.0.8]
	at org.apache.catalina.core.ApplicationFilterChain.doFilter(ApplicationFilterChain.java:107) ~[tomcat-embed-core-11.0.22.jar:11.0.22]
	at org.springframework.web.filter.RequestContextFilter.doFilterInternal(RequestContextFilter.java:100) ~[spring-web-7.0.8.jar:7.0.8]
	at org.springframework.web.filter.OncePerRequestFilter.doFilter(OncePerRequestFilter.java:116) ~[spring-web-7.0.8.jar:7.0.8]
	at org.apache.catalina.core.ApplicationFilterChain.doFilter(ApplicationFilterChain.java:107) ~[tomcat-embed-core-11.0.22.jar:11.0.22]
	at org.springframework.web.filter.FormContentFilter.doFilterInternal(FormContentFilter.java:93) ~[spring-web-7.0.8.jar:7.0.8]
	at org.springframework.web.filter.OncePerRequestFilter.doFilter(OncePerRequestFilter.java:116) ~[spring-web-7.0.8.jar:7.0.8]
	at org.apache.catalina.core.ApplicationFilterChain.doFilter(ApplicationFilterChain.java:107) ~[tomcat-embed-core-11.0.22.jar:11.0.22]
	at org.springframework.web.filter.CharacterEncodingFilter.doFilterInternal(CharacterEncodingFilter.java:199) ~[spring-web-7.0.8.jar:7.0.8]
	at org.springframework.web.filter.OncePerRequestFilter.doFilter(OncePerRequestFilter.java:116) ~[spring-web-7.0.8.jar:7.0.8]
	at org.apache.catalina.core.ApplicationFilterChain.doFilter(ApplicationFilterChain.java:107) ~[tomcat-embed-core-11.0.22.jar:11.0.22]
	at org.apache.catalina.core.StandardWrapperValve.invoke(StandardWrapperValve.java:165) ~[tomcat-embed-core-11.0.22.jar:11.0.22]
	at org.apache.catalina.core.StandardContextValve.invoke(StandardContextValve.java:77) ~[tomcat-embed-core-11.0.22.jar:11.0.22]
	at org.apache.catalina.authenticator.AuthenticatorBase.invoke(AuthenticatorBase.java:492) ~[tomcat-embed-core-11.0.22.jar:11.0.22]
	at org.apache.catalina.core.StandardHostValve.invoke(StandardHostValve.java:113) ~[tomcat-embed-core-11.0.22.jar:11.0.22]
	at org.apache.catalina.valves.ErrorReportValve.invoke(ErrorReportValve.java:83) ~[tomcat-embed-core-11.0.22.jar:11.0.22]
	at org.apache.catalina.core.StandardEngineValve.invoke(StandardEngineValve.java:72) ~[tomcat-embed-core-11.0.22.jar:11.0.22]
	at org.apache.catalina.connector.CoyoteAdapter.service(CoyoteAdapter.java:341) ~[tomcat-embed-core-11.0.22.jar:11.0.22]
	at org.apache.coyote.http11.Http11Processor.service(Http11Processor.java:397) ~[tomcat-embed-core-11.0.22.jar:11.0.22]
	at org.apache.coyote.AbstractProcessorLight.process(AbstractProcessorLight.java:63) ~[tomcat-embed-core-11.0.22.jar:11.0.22]
	at org.apache.coyote.AbstractProtocol$ConnectionHandler.process(AbstractProtocol.java:1272) ~[tomcat-embed-core-11.0.22.jar:11.0.22]
	at org.apache.tomcat.util.net.NioEndpoint$SocketProcessor.doRun(NioEndpoint.java:1801) ~[tomcat-embed-core-11.0.22.jar:11.0.22]
	at org.apache.tomcat.util.net.SocketProcessorBase.run(SocketProcessorBase.java:52) ~[tomcat-embed-core-11.0.22.jar:11.0.22]
	at org.apache.tomcat.util.threads.ThreadPoolExecutor.runWorker(ThreadPoolExecutor.java:946) ~[tomcat-embed-core-11.0.22.jar:11.0.22]
	at org.apache.tomcat.util.threads.ThreadPoolExecutor$Worker.run(ThreadPoolExecutor.java:480) ~[tomcat-embed-core-11.0.22.jar:11.0.22]
	at org.apache.tomcat.util.threads.TaskThread$WrappingRunnable.run(TaskThread.java:57) ~[tomcat-embed-core-11.0.22.jar:11.0.22]
	at java.base/java.lang.Thread.run(Thread.java:1516) ~[na:na]

2026-08-01T16:47:10.443+03:00 DEBUG 9396 --- [http-nio-8080-exec-1] s.w.a.DelegatingAuthenticationEntryPoint : Trying to match using RequestHeaderRequestMatcher [expectedHeaderName=X-Requested-With, expectedHeaderValue=XMLHttpRequest]
2026-08-01T16:47:10.447+03:00 DEBUG 9396 --- [http-nio-8080-exec-1] s.w.a.DelegatingAuthenticationEntryPoint : No match found. Using default entry point org.springframework.security.web.authentication.www.BasicAuthenticationEntryPoint@3ac36743
2026-08-01T16:47:10.475+03:00 DEBUG 9396 --- [http-nio-8080-exec-1] o.s.security.web.FilterChainProxy        : Securing GET /error
2026-08-01T16:47:10.481+03:00 DEBUG 9396 --- [http-nio-8080-exec-1] o.s.s.w.a.AnonymousAuthenticationFilter  : Set SecurityContextHolder to anonymous SecurityContext
2026-08-01T16:47:10.526+03:00 DEBUG 9396 --- [http-nio-8080-exec-1] o.s.s.w.s.HttpSessionRequestCache        : Saved request http://localhost:8080/error?continue to session
2026-08-01T16:47:10.527+03:00 DEBUG 9396 --- [http-nio-8080-exec-1] s.w.a.DelegatingAuthenticationEntryPoint : Trying to match using RequestHeaderRequestMatcher [expectedHeaderName=X-Requested-With, expectedHeaderValue=XMLHttpRequest]
2026-08-01T16:47:10.527+03:00 DEBUG 9396 --- [http-nio-8080-exec-1] s.w.a.DelegatingAuthenticationEntryPoint : No match found. Using default entry point org.springframework.security.web.authentication.www.BasicAuthenticationEntryPoint@3ac36743
2026-08-01T16:47:18.600+03:00 DEBUG 9396 --- [http-nio-8080-exec-2] o.s.security.web.FilterChainProxy        : Securing GET /api/v1/Student
2026-08-01T16:47:18.885+03:00 DEBUG 9396 --- [http-nio-8080-exec-2] o.s.s.a.dao.DaoAuthenticationProvider    : Authenticated user
2026-08-01T16:47:18.887+03:00 DEBUG 9396 --- [http-nio-8080-exec-2] o.s.s.w.a.www.BasicAuthenticationFilter  : Set SecurityContextHolder to UsernamePasswordAuthenticationToken [Principal=org.springframework.security.core.userdetails.User [Username=user, Password=[PROTECTED], Enabled=true, AccountNonExpired=true, CredentialsNonExpired=true, AccountNonLocked=true, Granted Authorities=[]], Credentials=[PROTECTED], Authenticated=true, Details=WebAuthenticationDetails [RemoteIpAddress=0:0:0:0:0:0:0:1, SessionId=D20E44B5F52D3FE6867E1673C22D478A], Granted Authorities=[FactorGrantedAuthority [authority=FACTOR_PASSWORD, issuedAt=2026-08-01T13:47:18.885708412Z]]]
2026-08-01T16:47:18.888+03:00 DEBUG 9396 --- [http-nio-8080-exec-2] o.s.security.web.FilterChainProxy        : Secured GET /api/v1/Student
2026-08-01T16:47:18.892+03:00 DEBUG 9396 --- [http-nio-8080-exec-2] o.s.web.servlet.DispatcherServlet        : GET "/api/v1/Student", parameters={}
2026-08-01T16:47:18.913+03:00 DEBUG 9396 --- [http-nio-8080-exec-2] o.s.w.s.handler.SimpleUrlHandlerMapping  : Mapped to ResourceHttpRequestHandler [classpath [META-INF/resources/], classpath [resources/], classpath [static/], classpath [public/], ServletContext [/]]
2026-08-01T16:47:18.955+03:00 DEBUG 9396 --- [http-nio-8080-exec-2] o.s.w.s.r.ResourceHttpRequestHandler     : Resource not found for path [api/v1/Student]
2026-08-01T16:47:18.965+03:00 DEBUG 9396 --- [http-nio-8080-exec-2] .w.s.m.s.DefaultHandlerExceptionResolver : Resolved [org.springframework.web.servlet.resource.NoResourceFoundException: No static resource api/v1/Student for request '/api/v1/Student'.]
2026-08-01T16:47:18.966+03:00 DEBUG 9396 --- [http-nio-8080-exec-2] o.s.web.servlet.DispatcherServlet        : Completed 404 NOT_FOUND
2026-08-01T16:47:18.968+03:00 DEBUG 9396 --- [http-nio-8080-exec-2] o.s.security.web.FilterChainProxy        : Securing GET /error
2026-08-01T16:47:18.969+03:00 DEBUG 9396 --- [http-nio-8080-exec-2] o.s.security.web.FilterChainProxy        : Secured GET /error
2026-08-01T16:47:18.970+03:00 DEBUG 9396 --- [http-nio-8080-exec-2] o.s.web.servlet.DispatcherServlet        : "ERROR" dispatch for GET "/error", parameters={}
2026-08-01T16:47:18.975+03:00 DEBUG 9396 --- [http-nio-8080-exec-2] s.w.s.m.m.a.RequestMappingHandlerMapping : Mapped to org.springframework.boot.webmvc.autoconfigure.error.BasicErrorController#errorHtml(HttpServletRequest, HttpServletResponse)
2026-08-01T16:47:19.020+03:00 DEBUG 9396 --- [http-nio-8080-exec-2] o.s.w.s.v.ContentNegotiatingViewResolver : Selected 'text/html' given [text/html, text/html;q=0.8]
2026-08-01T16:47:19.027+03:00 DEBUG 9396 --- [http-nio-8080-exec-2] o.s.web.servlet.DispatcherServlet        : Exiting from "ERROR" dispatch, status 404
2026-08-01T16:47:23.485+03:00 DEBUG 9396 --- [http-nio-8080-exec-3] o.s.security.web.FilterChainProxy        : Securing GET /api/v1/Student
2026-08-01T16:47:23.739+03:00 DEBUG 9396 --- [http-nio-8080-exec-3] o.s.s.a.dao.DaoAuthenticationProvider    : Authenticated user
2026-08-01T16:47:23.740+03:00 DEBUG 9396 --- [http-nio-8080-exec-3] o.s.s.w.a.www.BasicAuthenticationFilter  : Set SecurityContextHolder to UsernamePasswordAuthenticationToken [Principal=org.springframework.security.core.userdetails.User [Username=user, Password=[PROTECTED], Enabled=true, AccountNonExpired=true, CredentialsNonExpired=true, AccountNonLocked=true, Granted Authorities=[]], Credentials=[PROTECTED], Authenticated=true, Details=WebAuthenticationDetails [RemoteIpAddress=0:0:0:0:0:0:0:1, SessionId=D20E44B5F52D3FE6867E1673C22D478A], Granted Authorities=[FactorGrantedAuthority [authority=FACTOR_PASSWORD, issuedAt=2026-08-01T13:47:23.739462541Z]]]
2026-08-01T16:47:23.741+03:00 DEBUG 9396 --- [http-nio-8080-exec-3] o.s.security.web.FilterChainProxy        : Secured GET /api/v1/Student
2026-08-01T16:47:23.741+03:00 DEBUG 9396 --- [http-nio-8080-exec-3] o.s.web.servlet.DispatcherServlet        : GET "/api/v1/Student", parameters={}
2026-08-01T16:47:23.742+03:00 DEBUG 9396 --- [http-nio-8080-exec-3] o.s.w.s.handler.SimpleUrlHandlerMapping  : Mapped to ResourceHttpRequestHandler [classpath [META-INF/resources/], classpath [resources/], classpath [static/], classpath [public/], ServletContext [/]]
2026-08-01T16:47:23.743+03:00 DEBUG 9396 --- [http-nio-8080-exec-3] o.s.w.s.r.ResourceHttpRequestHandler     : Resource not found for path [api/v1/Student]
2026-08-01T16:47:23.745+03:00 DEBUG 9396 --- [http-nio-8080-exec-3] .w.s.m.s.DefaultHandlerExceptionResolver : Resolved [org.springframework.web.servlet.resource.NoResourceFoundException: No static resource api/v1/Student for request '/api/v1/Student'.]
2026-08-01T16:47:23.746+03:00 DEBUG 9396 --- [http-nio-8080-exec-3] o.s.web.servlet.DispatcherServlet        : Completed 404 NOT_FOUND
2026-08-01T16:47:23.747+03:00 DEBUG 9396 --- [http-nio-8080-exec-3] o.s.security.web.FilterChainProxy        : Securing GET /error
2026-08-01T16:47:23.748+03:00 DEBUG 9396 --- [http-nio-8080-exec-3] o.s.security.web.FilterChainProxy        : Secured GET /error
2026-08-01T16:47:23.748+03:00 DEBUG 9396 --- [http-nio-8080-exec-3] o.s.web.servlet.DispatcherServlet        : "ERROR" dispatch for GET "/error", parameters={}
2026-08-01T16:47:23.749+03:00 DEBUG 9396 --- [http-nio-8080-exec-3] s.w.s.m.m.a.RequestMappingHandlerMapping : Mapped to org.springframework.boot.webmvc.autoconfigure.error.BasicErrorController#errorHtml(HttpServletRequest, HttpServletResponse)
2026-08-01T16:47:23.752+03:00 DEBUG 9396 --- [http-nio-8080-exec-3] o.s.w.s.v.ContentNegotiatingViewResolver : Selected 'text/html' given [text/html, text/html;q=0.8]
2026-08-01T16:47:23.752+03:00 DEBUG 9396 --- [http-nio-8080-exec-3] o.s.web.servlet.DispatcherServlet        : Exiting from "ERROR" dispatch, status 404
2026-08-01T16:47:23.811+03:00 DEBUG 9396 --- [http-nio-8080-exec-4] o.s.security.web.FilterChainProxy        : Securing GET /favicon.ico
2026-08-01T16:47:23.812+03:00 DEBUG 9396 --- [http-nio-8080-exec-4] o.s.s.w.a.AnonymousAuthenticationFilter  : Set SecurityContextHolder to anonymous SecurityContext
2026-08-01T16:47:23.814+03:00 DEBUG 9396 --- [http-nio-8080-exec-4] s.w.a.DelegatingAuthenticationEntryPoint : Trying to match using RequestHeaderRequestMatcher [expectedHeaderName=X-Requested-With, expectedHeaderValue=XMLHttpRequest]
2026-08-01T16:47:23.815+03:00 DEBUG 9396 --- [http-nio-8080-exec-4] s.w.a.DelegatingAuthenticationEntryPoint : No match found. Using default entry point org.springframework.security.web.authentication.www.BasicAuthenticationEntryPoint@3ac36743
2026-08-01T16:47:23.817+03:00 DEBUG 9396 --- [http-nio-8080-exec-4] o.s.security.web.FilterChainProxy        : Securing GET /error
2026-08-01T16:47:23.817+03:00 DEBUG 9396 --- [http-nio-8080-exec-4] o.s.s.w.a.AnonymousAuthenticationFilter  : Set SecurityContextHolder to anonymous SecurityContext
2026-08-01T16:47:23.820+03:00 DEBUG 9396 --- [http-nio-8080-exec-4] o.s.s.w.s.HttpSessionRequestCache        : Saved request http://localhost:8080/error?continue to session
2026-08-01T16:47:23.821+03:00 DEBUG 9396 --- [http-nio-8080-exec-4] s.w.a.DelegatingAuthenticationEntryPoint : Trying to match using RequestHeaderRequestMatcher [expectedHeaderName=X-Requested-With, expectedHeaderValue=XMLHttpRequest]
2026-08-01T16:47:23.821+03:00 DEBUG 9396 --- [http-nio-8080-exec-4] s.w.a.DelegatingAuthenticationEntryPoint : No match found. Using default entry point org.springframework.security.web.authentication.www.BasicAuthenticationEntryPoint@3ac36743
2026-08-01T16:47:23.825+03:00 DEBUG 9396 --- [http-nio-8080-exec-5] o.s.security.web.FilterChainProxy        : Securing GET /favicon.ico
2026-08-01T16:47:24.033+03:00 DEBUG 9396 --- [http-nio-8080-exec-5] o.s.s.a.dao.DaoAuthenticationProvider    : Authenticated user
2026-08-01T16:47:24.033+03:00 DEBUG 9396 --- [http-nio-8080-exec-5] o.s.s.w.a.www.BasicAuthenticationFilter  : Set SecurityContextHolder to UsernamePasswordAuthenticationToken [Principal=org.springframework.security.core.userdetails.User [Username=user, Password=[PROTECTED], Enabled=true, AccountNonExpired=true, CredentialsNonExpired=true, AccountNonLocked=true, Granted Authorities=[]], Credentials=[PROTECTED], Authenticated=true, Details=WebAuthenticationDetails [RemoteIpAddress=0:0:0:0:0:0:0:1, SessionId=D20E44B5F52D3FE6867E1673C22D478A], Granted Authorities=[FactorGrantedAuthority [authority=FACTOR_PASSWORD, issuedAt=2026-08-01T13:47:24.033238594Z]]]
2026-08-01T16:47:24.034+03:00 DEBUG 9396 --- [http-nio-8080-exec-5] o.s.security.web.FilterChainProxy        : Secured GET /favicon.ico
2026-08-01T16:47:24.034+03:00 DEBUG 9396 --- [http-nio-8080-exec-5] o.s.web.servlet.DispatcherServlet        : GET "/favicon.ico", parameters={}
2026-08-01T16:47:24.036+03:00 DEBUG 9396 --- [http-nio-8080-exec-5] o.s.w.s.handler.SimpleUrlHandlerMapping  : Mapped to ResourceHttpRequestHandler [classpath [META-INF/resources/], classpath [resources/], classpath [static/], classpath [public/], ServletContext [/]]
2026-08-01T16:47:24.038+03:00 DEBUG 9396 --- [http-nio-8080-exec-5] o.s.w.s.r.ResourceHttpRequestHandler     : Resource not found for path [favicon.ico]
2026-08-01T16:47:24.039+03:00 DEBUG 9396 --- [http-nio-8080-exec-5] .w.s.m.s.DefaultHandlerExceptionResolver : Resolved [org.springframework.web.servlet.resource.NoResourceFoundException: No static resource favicon.ico for request '/favicon.ico'.]
2026-08-01T16:47:24.040+03:00 DEBUG 9396 --- [http-nio-8080-exec-5] o.s.web.servlet.DispatcherServlet        : Completed 404 NOT_FOUND
2026-08-01T16:47:24.041+03:00 DEBUG 9396 --- [http-nio-8080-exec-5] o.s.security.web.FilterChainProxy        : Securing GET /error
2026-08-01T16:47:24.042+03:00 DEBUG 9396 --- [http-nio-8080-exec-5] o.s.security.web.FilterChainProxy        : Secured GET /error
2026-08-01T16:47:24.042+03:00 DEBUG 9396 --- [http-nio-8080-exec-5] o.s.web.servlet.DispatcherServlet        : "ERROR" dispatch for GET "/error", parameters={}
2026-08-01T16:47:24.043+03:00 DEBUG 9396 --- [http-nio-8080-exec-5] s.w.s.m.m.a.RequestMappingHandlerMapping : Mapped to org.springframework.boot.webmvc.autoconfigure.error.BasicErrorController#error(HttpServletRequest)
2026-08-01T16:47:24.062+03:00 DEBUG 9396 --- [http-nio-8080-exec-5] o.s.w.s.m.m.a.HttpEntityMethodProcessor  : Using 'application/json;q=0.8', given [image/avif, image/webp, image/apng, image/svg+xml, image/*, */*;q=0.8] and supported [application/json, application/*+json]
2026-08-01T16:47:24.064+03:00 DEBUG 9396 --- [http-nio-8080-exec-5] o.s.w.s.m.m.a.HttpEntityMethodProcessor  : Writing [{timestamp=Sat Aug 01 16:47:24 EAT 2026, status=404, error=Not Found, path=/favicon.ico}]
2026-08-01T16:47:24.119+03:00 DEBUG 9396 --- [http-nio-8080-exec-5] o.s.web.servlet.DispatcherServlet        : Exiting from "ERROR" dispatch, status 404
2026-08-01T16:47:33.081+03:00 DEBUG 9396 --- [http-nio-8080-exec-6] o.s.security.web.FilterChainProxy        : Securing GET /api/v1/Student
2026-08-01T16:47:33.398+03:00 DEBUG 9396 --- [http-nio-8080-exec-6] o.s.s.a.dao.DaoAuthenticationProvider    : Authenticated user
2026-08-01T16:47:33.399+03:00 DEBUG 9396 --- [http-nio-8080-exec-6] o.s.s.w.a.www.BasicAuthenticationFilter  : Set SecurityContextHolder to UsernamePasswordAuthenticationToken [Principal=org.springframework.security.core.userdetails.User [Username=user, Password=[PROTECTED], Enabled=true, AccountNonExpired=true, CredentialsNonExpired=true, AccountNonLocked=true, Granted Authorities=[]], Credentials=[PROTECTED], Authenticated=true, Details=WebAuthenticationDetails [RemoteIpAddress=0:0:0:0:0:0:0:1, SessionId=D20E44B5F52D3FE6867E1673C22D478A], Granted Authorities=[FactorGrantedAuthority [authority=FACTOR_PASSWORD, issuedAt=2026-08-01T13:47:33.398748598Z]]]
2026-08-01T16:47:33.400+03:00 DEBUG 9396 --- [http-nio-8080-exec-6] o.s.security.web.FilterChainProxy        : Secured GET /api/v1/Student
2026-08-01T16:47:33.400+03:00 DEBUG 9396 --- [http-nio-8080-exec-6] o.s.web.servlet.DispatcherServlet        : GET "/api/v1/Student", parameters={}
2026-08-01T16:47:33.401+03:00 DEBUG 9396 --- [http-nio-8080-exec-6] o.s.w.s.handler.SimpleUrlHandlerMapping  : Mapped to ResourceHttpRequestHandler [classpath [META-INF/resources/], classpath [resources/], classpath [static/], classpath [public/], ServletContext [/]]
2026-08-01T16:47:33.403+03:00 DEBUG 9396 --- [http-nio-8080-exec-6] o.s.w.s.r.ResourceHttpRequestHandler     : Resource not found for path [api/v1/Student]
2026-08-01T16:47:33.405+03:00 DEBUG 9396 --- [http-nio-8080-exec-6] .w.s.m.s.DefaultHandlerExceptionResolver : Resolved [org.springframework.web.servlet.resource.NoResourceFoundException: No static resource api/v1/Student for request '/api/v1/Student'.]
2026-08-01T16:47:33.405+03:00 DEBUG 9396 --- [http-nio-8080-exec-6] o.s.web.servlet.DispatcherServlet        : Completed 404 NOT_FOUND
2026-08-01T16:47:33.406+03:00 DEBUG 9396 --- [http-nio-8080-exec-6] o.s.security.web.FilterChainProxy        : Securing GET /error
2026-08-01T16:47:33.407+03:00 DEBUG 9396 --- [http-nio-8080-exec-6] o.s.security.web.FilterChainProxy        : Secured GET /error
2026-08-01T16:47:33.407+03:00 DEBUG 9396 --- [http-nio-8080-exec-6] o.s.web.servlet.DispatcherServlet        : "ERROR" dispatch for GET "/error", parameters={}
2026-08-01T16:47:33.408+03:00 DEBUG 9396 --- [http-nio-8080-exec-6] s.w.s.m.m.a.RequestMappingHandlerMapping : Mapped to org.springframework.boot.webmvc.autoconfigure.error.BasicErrorController#errorHtml(HttpServletRequest, HttpServletResponse)
2026-08-01T16:47:33.411+03:00 DEBUG 9396 --- [http-nio-8080-exec-6] o.s.w.s.v.ContentNegotiatingViewResolver : Selected 'text/html' given [text/html, text/html;q=0.8]
2026-08-01T16:47:33.412+03:00 DEBUG 9396 --- [http-nio-8080-exec-6] o.s.web.servlet.DispatcherServlet        : Exiting from "ERROR" dispatch, status 404
2026-08-01T16:47:49.231+03:00 DEBUG 9396 --- [http-nio-8080-exec-7] o.s.security.web.FilterChainProxy        : Securing GET /api/v1/Student
2026-08-01T16:47:49.527+03:00 DEBUG 9396 --- [http-nio-8080-exec-7] o.s.s.a.dao.DaoAuthenticationProvider    : Authenticated user
2026-08-01T16:47:49.528+03:00 DEBUG 9396 --- [http-nio-8080-exec-7] o.s.s.w.a.www.BasicAuthenticationFilter  : Set SecurityContextHolder to UsernamePasswordAuthenticationToken [Principal=org.springframework.security.core.userdetails.User [Username=user, Password=[PROTECTED], Enabled=true, AccountNonExpired=true, CredentialsNonExpired=true, AccountNonLocked=true, Granted Authorities=[]], Credentials=[PROTECTED], Authenticated=true, Details=WebAuthenticationDetails [RemoteIpAddress=0:0:0:0:0:0:0:1, SessionId=D20E44B5F52D3FE6867E1673C22D478A], Granted Authorities=[FactorGrantedAuthority [authority=FACTOR_PASSWORD, issuedAt=2026-08-01T13:47:49.527894248Z]]]
2026-08-01T16:47:49.529+03:00 DEBUG 9396 --- [http-nio-8080-exec-7] o.s.security.web.FilterChainProxy        : Secured GET /api/v1/Student
2026-08-01T16:47:49.529+03:00 DEBUG 9396 --- [http-nio-8080-exec-7] o.s.web.servlet.DispatcherServlet        : GET "/api/v1/Student", parameters={}
2026-08-01T16:47:49.530+03:00 DEBUG 9396 --- [http-nio-8080-exec-7] o.s.w.s.handler.SimpleUrlHandlerMapping  : Mapped to ResourceHttpRequestHandler [classpath [META-INF/resources/], classpath [resources/], classpath [static/], classpath [public/], ServletContext [/]]
2026-08-01T16:47:49.531+03:00 DEBUG 9396 --- [http-nio-8080-exec-7] o.s.w.s.r.ResourceHttpRequestHandler     : Resource not found for path [api/v1/Student]
2026-08-01T16:47:49.532+03:00 DEBUG 9396 --- [http-nio-8080-exec-7] .w.s.m.s.DefaultHandlerExceptionResolver : Resolved [org.springframework.web.servlet.resource.NoResourceFoundException: No static resource api/v1/Student for request '/api/v1/Student'.]
2026-08-01T16:47:49.533+03:00 DEBUG 9396 --- [http-nio-8080-exec-7] o.s.web.servlet.DispatcherServlet        : Completed 404 NOT_FOUND
2026-08-01T16:47:49.534+03:00 DEBUG 9396 --- [http-nio-8080-exec-7] o.s.security.web.FilterChainProxy        : Securing GET /error
2026-08-01T16:47:49.534+03:00 DEBUG 9396 --- [http-nio-8080-exec-7] o.s.security.web.FilterChainProxy        : Secured GET /error
2026-08-01T16:47:49.534+03:00 DEBUG 9396 --- [http-nio-8080-exec-7] o.s.web.servlet.DispatcherServlet        : "ERROR" dispatch for GET "/error", parameters={}
2026-08-01T16:47:49.535+03:00 DEBUG 9396 --- [http-nio-8080-exec-7] s.w.s.m.m.a.RequestMappingHandlerMapping : Mapped to org.springframework.boot.webmvc.autoconfigure.error.BasicErrorController#errorHtml(HttpServletRequest, HttpServletResponse)
2026-08-01T16:47:49.538+03:00 DEBUG 9396 --- [http-nio-8080-exec-7] o.s.w.s.v.ContentNegotiatingViewResolver : Selected 'text/html' given [text/html, text/html;q=0.8]
2026-08-01T16:47:49.539+03:00 DEBUG 9396 --- [http-nio-8080-exec-7] o.s.web.servlet.DispatcherServlet        : Exiting from "ERROR" dispatch, status 404
2026-08-01T16:47:49.594+03:00 DEBUG 9396 --- [http-nio-8080-exec-8] o.s.security.web.FilterChainProxy        : Securing GET /favicon.ico
2026-08-01T16:47:49.786+03:00 DEBUG 9396 --- [http-nio-8080-exec-8] o.s.s.a.dao.DaoAuthenticationProvider    : Authenticated user
2026-08-01T16:47:49.787+03:00 DEBUG 9396 --- [http-nio-8080-exec-8] o.s.s.w.a.www.BasicAuthenticationFilter  : Set SecurityContextHolder to UsernamePasswordAuthenticationToken [Principal=org.springframework.security.core.userdetails.User [Username=user, Password=[PROTECTED], Enabled=true, AccountNonExpired=true, CredentialsNonExpired=true, AccountNonLocked=true, Granted Authorities=[]], Credentials=[PROTECTED], Authenticated=true, Details=WebAuthenticationDetails [RemoteIpAddress=0:0:0:0:0:0:0:1, SessionId=D20E44B5F52D3FE6867E1673C22D478A], Granted Authorities=[FactorGrantedAuthority [authority=FACTOR_PASSWORD, issuedAt=2026-08-01T13:47:49.786509748Z]]]
2026-08-01T16:47:49.787+03:00 DEBUG 9396 --- [http-nio-8080-exec-8] o.s.security.web.FilterChainProxy        : Secured GET /favicon.ico
2026-08-01T16:47:49.788+03:00 DEBUG 9396 --- [http-nio-8080-exec-8] o.s.web.servlet.DispatcherServlet        : GET "/favicon.ico", parameters={}
2026-08-01T16:47:49.789+03:00 DEBUG 9396 --- [http-nio-8080-exec-8] o.s.w.s.handler.SimpleUrlHandlerMapping  : Mapped to ResourceHttpRequestHandler [classpath [META-INF/resources/], classpath [resources/], classpath [static/], classpath [public/], ServletContext [/]]
2026-08-01T16:47:49.790+03:00 DEBUG 9396 --- [http-nio-8080-exec-8] o.s.w.s.r.ResourceHttpRequestHandler     : Resource not found for path [favicon.ico]
2026-08-01T16:47:49.792+03:00 DEBUG 9396 --- [http-nio-8080-exec-8] .w.s.m.s.DefaultHandlerExceptionResolver : Resolved [org.springframework.web.servlet.resource.NoResourceFoundException: No static resource favicon.ico for request '/favicon.ico'.]
2026-08-01T16:47:49.792+03:00 DEBUG 9396 --- [http-nio-8080-exec-8] o.s.web.servlet.DispatcherServlet        : Completed 404 NOT_FOUND
2026-08-01T16:47:49.793+03:00 DEBUG 9396 --- [http-nio-8080-exec-8] o.s.security.web.FilterChainProxy        : Securing GET /error
2026-08-01T16:47:49.794+03:00 DEBUG 9396 --- [http-nio-8080-exec-8] o.s.security.web.FilterChainProxy        : Secured GET /error
2026-08-01T16:47:49.794+03:00 DEBUG 9396 --- [http-nio-8080-exec-8] o.s.web.servlet.DispatcherServlet        : "ERROR" dispatch for GET "/error", parameters={}
2026-08-01T16:47:49.795+03:00 DEBUG 9396 --- [http-nio-8080-exec-8] s.w.s.m.m.a.RequestMappingHandlerMapping : Mapped to org.springframework.boot.webmvc.autoconfigure.error.BasicErrorController#error(HttpServletRequest)
2026-08-01T16:47:49.797+03:00 DEBUG 9396 --- [http-nio-8080-exec-8] o.s.w.s.m.m.a.HttpEntityMethodProcessor  : Using 'application/json;q=0.8', given [image/avif, image/webp, image/apng, image/svg+xml, image/*, */*;q=0.8] and supported [application/json, application/*+json]
2026-08-01T16:47:49.797+03:00 DEBUG 9396 --- [http-nio-8080-exec-8] o.s.w.s.m.m.a.HttpEntityMethodProcessor  : Writing [{timestamp=Sat Aug 01 16:47:49 EAT 2026, status=404, error=Not Found, path=/favicon.ico}]
2026-08-01T16:47:49.800+03:00 DEBUG 9396 --- [http-nio-8080-exec-8] o.s.web.servlet.DispatcherServlet        : Exiting from "ERROR" dispatch, status 404
2026-08-01T16:48:30.831+03:00 DEBUG 9396 --- [http-nio-8080-exec-9] o.s.security.web.FilterChainProxy        : Securing GET /api/v1/Student
2026-08-01T16:48:31.064+03:00 DEBUG 9396 --- [http-nio-8080-exec-9] o.s.s.a.dao.DaoAuthenticationProvider    : Authenticated user
2026-08-01T16:48:31.064+03:00 DEBUG 9396 --- [http-nio-8080-exec-9] o.s.s.w.a.www.BasicAuthenticationFilter  : Set SecurityContextHolder to UsernamePasswordAuthenticationToken [Principal=org.springframework.security.core.userdetails.User [Username=user, Password=[PROTECTED], Enabled=true, AccountNonExpired=true, CredentialsNonExpired=true, AccountNonLocked=true, Granted Authorities=[]], Credentials=[PROTECTED], Authenticated=true, Details=WebAuthenticationDetails [RemoteIpAddress=0:0:0:0:0:0:0:1, SessionId=D20E44B5F52D3FE6867E1673C22D478A], Granted Authorities=[FactorGrantedAuthority [authority=FACTOR_PASSWORD, issuedAt=2026-08-01T13:48:31.064299472Z]]]
2026-08-01T16:48:31.065+03:00 DEBUG 9396 --- [http-nio-8080-exec-9] o.s.security.web.FilterChainProxy        : Secured GET /api/v1/Student
2026-08-01T16:48:31.066+03:00 DEBUG 9396 --- [http-nio-8080-exec-9] o.s.web.servlet.DispatcherServlet        : GET "/api/v1/Student", parameters={}
2026-08-01T16:48:31.067+03:00 DEBUG 9396 --- [http-nio-8080-exec-9] o.s.w.s.handler.SimpleUrlHandlerMapping  : Mapped to ResourceHttpRequestHandler [classpath [META-INF/resources/], classpath [resources/], classpath [static/], classpath [public/], ServletContext [/]]
2026-08-01T16:48:31.067+03:00 DEBUG 9396 --- [http-nio-8080-exec-9] o.s.w.s.r.ResourceHttpRequestHandler     : Resource not found for path [api/v1/Student]
2026-08-01T16:48:31.068+03:00 DEBUG 9396 --- [http-nio-8080-exec-9] .w.s.m.s.DefaultHandlerExceptionResolver : Resolved [org.springframework.web.servlet.resource.NoResourceFoundException: No static resource api/v1/Student for request '/api/v1/Student'.]
2026-08-01T16:48:31.069+03:00 DEBUG 9396 --- [http-nio-8080-exec-9] o.s.web.servlet.DispatcherServlet        : Completed 404 NOT_FOUND
2026-08-01T16:48:31.070+03:00 DEBUG 9396 --- [http-nio-8080-exec-9] o.s.security.web.FilterChainProxy        : Securing GET /error
2026-08-01T16:48:31.070+03:00 DEBUG 9396 --- [http-nio-8080-exec-9] o.s.security.web.FilterChainProxy        : Secured GET /error
2026-08-01T16:48:31.070+03:00 DEBUG 9396 --- [http-nio-8080-exec-9] o.s.web.servlet.DispatcherServlet        : "ERROR" dispatch for GET "/error", parameters={}
2026-08-01T16:48:31.071+03:00 DEBUG 9396 --- [http-nio-8080-exec-9] s.w.s.m.m.a.RequestMappingHandlerMapping : Mapped to org.springframework.boot.webmvc.autoconfigure.error.BasicErrorController#errorHtml(HttpServletRequest, HttpServletResponse)
2026-08-01T16:48:31.073+03:00 DEBUG 9396 --- [http-nio-8080-exec-9] o.s.w.s.v.ContentNegotiatingViewResolver : Selected 'text/html' given [text/html, text/html;q=0.8]
2026-08-01T16:48:31.073+03:00 DEBUG 9396 --- [http-nio-8080-exec-9] o.s.web.servlet.DispatcherServlet        : Exiting from "ERROR" dispatch, status 404
2026-08-01T16:48:54.882+03:00 DEBUG 9396 --- [http-nio-8080-exec-10] o.s.security.web.FilterChainProxy        : Securing GET /api/v1/student
2026-08-01T16:48:54.885+03:00 DEBUG 9396 --- [http-nio-8080-exec-10] o.s.security.web.FilterChainProxy        : Secured GET /api/v1/student
2026-08-01T16:48:54.886+03:00 DEBUG 9396 --- [http-nio-8080-exec-10] o.s.web.servlet.DispatcherServlet        : GET "/api/v1/student", parameters={}
2026-08-01T16:48:54.887+03:00 DEBUG 9396 --- [http-nio-8080-exec-10] s.w.s.m.m.a.RequestMappingHandlerMapping : Mapped to com.example.demo.controller.StudentController#getStudents()
2026-08-01T16:48:55.287+03:00 DEBUG 9396 --- [http-nio-8080-exec-10] org.hibernate.SQL                        : select s1_0.id,s1_0.age,s1_0.dob,s1_0.email,s1_0.name from student s1_0
2026-08-01T16:48:55.339+03:00 DEBUG 9396 --- [http-nio-8080-exec-10] o.s.w.s.m.m.a.HttpEntityMethodProcessor  : Using 'application/json;q=0.8', given [text/html, application/xhtml+xml, image/avif, image/webp, image/apng, application/xml;q=0.9, */*;q=0.8] and supported [application/json, application/*+json]
2026-08-01T16:48:55.340+03:00 DEBUG 9396 --- [http-nio-8080-exec-10] o.s.w.s.m.m.a.HttpEntityMethodProcessor  : Writing [[com.example.demo.dto.StudentResponse@57524d8d, com.example.demo.dto.StudentResponse@29522257, com.e (truncated)...]
2026-08-01T16:48:55.395+03:00 DEBUG 9396 --- [http-nio-8080-exec-10] o.s.web.servlet.DispatcherServlet        : Completed 200 OK
2026-08-01T16:48:55.396+03:00 DEBUG 9396 --- [http-nio-8080-exec-10] o.s.s.w.a.AnonymousAuthenticationFilter  : Set SecurityContextHolder to anonymous SecurityContext
2026-08-01T16:48:58.017+03:00 DEBUG 9396 --- [http-nio-8080-exec-1] o.s.security.web.FilterChainProxy        : Securing GET /api/v1/student
2026-08-01T16:48:58.018+03:00 DEBUG 9396 --- [http-nio-8080-exec-1] o.s.security.web.FilterChainProxy        : Secured GET /api/v1/student
2026-08-01T16:48:58.019+03:00 DEBUG 9396 --- [http-nio-8080-exec-1] o.s.web.servlet.DispatcherServlet        : GET "/api/v1/student", parameters={}
2026-08-01T16:48:58.020+03:00 DEBUG 9396 --- [http-nio-8080-exec-1] s.w.s.m.m.a.RequestMappingHandlerMapping : Mapped to com.example.demo.controller.StudentController#getStudents()
2026-08-01T16:48:58.025+03:00 DEBUG 9396 --- [http-nio-8080-exec-1] org.hibernate.SQL                        : select s1_0.id,s1_0.age,s1_0.dob,s1_0.email,s1_0.name from student s1_0
2026-08-01T16:48:58.037+03:00 DEBUG 9396 --- [http-nio-8080-exec-1] o.s.w.s.m.m.a.HttpEntityMethodProcessor  : Using 'application/json;q=0.8', given [text/html, application/xhtml+xml, image/avif, image/webp, image/apng, application/xml;q=0.9, */*;q=0.8] and supported [application/json, application/*+json]
2026-08-01T16:48:58.038+03:00 DEBUG 9396 --- [http-nio-8080-exec-1] o.s.w.s.m.m.a.HttpEntityMethodProcessor  : Writing [[com.example.demo.dto.StudentResponse@2de57b15, com.example.demo.dto.StudentResponse@72abb34, com.ex (truncated)...]
2026-08-01T16:48:58.043+03:00 DEBUG 9396 --- [http-nio-8080-exec-1] o.s.web.servlet.DispatcherServlet        : Completed 200 OK
2026-08-01T16:48:58.044+03:00 DEBUG 9396 --- [http-nio-8080-exec-1] o.s.s.w.a.AnonymousAuthenticationFilter  : Set SecurityContextHolder to anonymous SecurityContext
2026-08-01T16:56:43.228+03:00  INFO 9396 --- [SpringApplicationShutdownHook] o.s.boot.tomcat.GracefulShutdown         : Commencing graceful shutdown. Waiting for active requests to complete
2026-08-01T16:56:43.247+03:00  INFO 9396 --- [tomcat-shutdown] o.s.boot.tomcat.GracefulShutdown         : Graceful shutdown complete
2026-08-01T16:56:43.272+03:00  INFO 9396 --- [SpringApplicationShutdownHook] j.LocalContainerEntityManagerFactoryBean : Closing JPA EntityManagerFactory for persistence unit 'default'
2026-08-01T16:56:43.279+03:00  INFO 9396 --- [SpringApplicationShutdownHook] com.zaxxer.hikari.HikariDataSource       : HikariPool-1 - Shutdown initiated...
2026-08-01T16:56:43.303+03:00  INFO 9396 --- [SpringApplicationShutdownHook] com.zaxxer.hikari.HikariDataSource       : HikariPool-1 - Shutdown completed.
2026-08-01T16:56:54.062+03:00  INFO 10139 --- [main] com.example.demo.DemoApplication         : Starting DemoApplication using Java 26.0.1 with PID 10139 (/home/elias/IdeaProjects/Springboot-CRUD-project/target/classes started by elias in /home/elias/IdeaProjects/Springboot-CRUD-project)
2026-08-01T16:56:54.071+03:00  INFO 10139 --- [main] com.example.demo.DemoApplication         : No active profile set, falling back to 1 default profile: "default"
2026-08-01T16:56:56.063+03:00  INFO 10139 --- [main] .s.d.r.c.RepositoryConfigurationDelegate : Bootstrapping Spring Data JPA repositories in DEFAULT mode.
2026-08-01T16:56:56.224+03:00  INFO 10139 --- [main] .s.d.r.c.RepositoryConfigurationDelegate : Finished Spring Data repository scanning in 132 ms. Found 1 JPA repository interface.
2026-08-01T16:56:57.147+03:00  INFO 10139 --- [main] o.s.boot.tomcat.TomcatWebServer          : Tomcat initialized with port 8080 (http)
2026-08-01T16:56:57.167+03:00  INFO 10139 --- [main] o.apache.catalina.core.StandardService   : Starting service [Tomcat]
2026-08-01T16:56:57.167+03:00  INFO 10139 --- [main] o.apache.catalina.core.StandardEngine    : Starting Servlet engine: [Apache Tomcat/11.0.22]
2026-08-01T16:56:57.232+03:00  INFO 10139 --- [main] b.w.c.s.WebApplicationContextInitializer : Root WebApplicationContext: initialization completed in 2976 ms
2026-08-01T16:56:57.603+03:00  INFO 10139 --- [main] org.hibernate.orm.jpa                    : HHH008540: Processing PersistenceUnitInfo [name: default]
2026-08-01T16:56:57.773+03:00  INFO 10139 --- [main] org.hibernate.orm.core                   : HHH000001: Hibernate ORM core version 7.4.1.Final
2026-08-01T16:56:58.901+03:00  INFO 10139 --- [main] o.s.o.j.p.SpringPersistenceUnitInfo      : No LoadTimeWeaver setup: ignoring JPA class transformer
2026-08-01T16:56:59.033+03:00  INFO 10139 --- [main] com.zaxxer.hikari.HikariDataSource       : HikariPool-1 - Starting...
2026-08-01T16:56:59.457+03:00  INFO 10139 --- [main] com.zaxxer.hikari.pool.HikariPool        : HikariPool-1 - Added connection org.postgresql.jdbc.PgConnection@55c03e4
2026-08-01T16:56:59.461+03:00  INFO 10139 --- [main] com.zaxxer.hikari.HikariDataSource       : HikariPool-1 - Start completed.
2026-08-01T16:56:59.543+03:00  WARN 10139 --- [main] org.hibernate.orm.deprecation            : HHH90000025: PostgreSQLDialect does not need to be specified explicitly using 'hibernate.dialect' (remove the property setting and it will be selected by default)
2026-08-01T16:56:59.604+03:00  INFO 10139 --- [main] org.hibernate.orm.connections.pooling    : HHH10001005: Database info:
	Database JDBC URL [jdbc:postgresql://localhost:5432/crud_db]
	Database driver: PostgreSQL JDBC Driver
	Database dialect: PostgreSQLDialect
	Database version: 16.11
	Default catalog/schema: crud_db/public
	Autocommit mode: undefined/unknown
	Isolation level: READ_COMMITTED [default READ_COMMITTED]
	JDBC fetch size: none
	Pool: DataSourceConnectionProvider
	Minimum pool size: undefined/unknown
	Maximum pool size: undefined/unknown
2026-08-01T16:57:02.662+03:00  INFO 10139 --- [main] org.hibernate.orm.core                   : HHH000489: No JTA platform available (set 'hibernate.transaction.jta.platform' to enable JTA platform integration)
2026-08-01T16:57:02.889+03:00  INFO 10139 --- [main] j.LocalContainerEntityManagerFactoryBean : Initialized JPA EntityManagerFactory for persistence unit 'default'
2026-08-01T16:57:03.323+03:00  INFO 10139 --- [main] o.s.d.j.r.query.QueryEnhancerFactories   : Hibernate is in classpath; If applicable, HQL parser will be used.
2026-08-01T16:57:03.706+03:00  WARN 10139 --- [main] JpaBaseConfiguration$JpaWebConfiguration : spring.jpa.open-in-view is enabled by default. Therefore, database queries may be performed during view rendering. Explicitly configure spring.jpa.open-in-view to disable this warning
2026-08-01T16:57:03.876+03:00  WARN 10139 --- [main] .s.a.UserDetailsServiceAutoConfiguration : 

Using generated security password: 439ac3d7-5319-480e-bb44-929a1688878f

This generated password is for development use only. Your security configuration must be updated before running your application in production.

2026-08-01T16:57:03.889+03:00  INFO 10139 --- [main] r$InitializeUserDetailsManagerConfigurer : Global AuthenticationManager configured with UserDetailsService bean with name inMemoryUserDetailsManager
2026-08-01T16:57:04.147+03:00 DEBUG 10139 --- [main] o.s.s.web.DefaultSecurityFilterChain     : Will secure any request with filters: DisableEncodeUrlFilter, WebAsyncManagerIntegrationFilter, SecurityContextHolderFilter, HeaderWriterFilter, LogoutFilter, BasicAuthenticationFilter, RequestCacheAwareFilter, SecurityContextHolderAwareRequestFilter, AnonymousAuthenticationFilter, ExceptionTranslationFilter, AuthorizationFilter
2026-08-01T16:57:04.314+03:00 DEBUG 10139 --- [main] s.w.s.m.m.a.RequestMappingHandlerMapping : 6 mappings in 'requestMappingHandlerMapping'
2026-08-01T16:57:04.357+03:00 DEBUG 10139 --- [main] o.s.w.s.handler.SimpleUrlHandlerMapping  : Patterns [/webjars/**, /**] in 'resourceHandlerMapping'
2026-08-01T16:57:04.434+03:00 DEBUG 10139 --- [main] s.w.s.m.m.a.RequestMappingHandlerAdapter : ControllerAdvice beans: 0 @ModelAttribute, 0 @InitBinder, 2 RequestBodyAdvice, 1 ResponseBodyAdvice
2026-08-01T16:57:04.506+03:00 DEBUG 10139 --- [main] .m.m.a.ExceptionHandlerExceptionResolver : ControllerAdvice beans: 1 @ExceptionHandler, 1 ResponseBodyAdvice
2026-08-01T16:57:04.790+03:00  INFO 10139 --- [main] o.s.boot.tomcat.TomcatWebServer          : Tomcat started on port 8080 (http) with context path '/'
2026-08-01T16:57:04.802+03:00  INFO 10139 --- [main] com.example.demo.DemoApplication         : Started DemoApplication in 12.076 seconds (process running for 14.402)
2026-08-01T16:57:12.505+03:00  INFO 10139 --- [http-nio-8080-exec-1] o.a.c.c.C.[Tomcat].[localhost].[/]       : Initializing Spring DispatcherServlet 'dispatcherServlet'
2026-08-01T16:57:12.506+03:00  INFO 10139 --- [http-nio-8080-exec-1] o.s.web.servlet.DispatcherServlet        : Initializing Servlet 'dispatcherServlet'
2026-08-01T16:57:12.507+03:00 DEBUG 10139 --- [http-nio-8080-exec-1] o.s.web.servlet.DispatcherServlet        : Detected StandardServletMultipartResolver
2026-08-01T16:57:12.508+03:00 DEBUG 10139 --- [http-nio-8080-exec-1] o.s.web.servlet.DispatcherServlet        : Detected AcceptHeaderLocaleResolver
2026-08-01T16:57:12.511+03:00 DEBUG 10139 --- [http-nio-8080-exec-1] o.s.web.servlet.DispatcherServlet        : Detected org.springframework.web.servlet.view.DefaultRequestToViewNameTranslator@37e28b20
2026-08-01T16:57:12.512+03:00 DEBUG 10139 --- [http-nio-8080-exec-1] o.s.web.servlet.DispatcherServlet        : Detected org.springframework.web.servlet.support.SessionFlashMapManager@3b8ce72
2026-08-01T16:57:12.513+03:00 DEBUG 10139 --- [http-nio-8080-exec-1] o.s.web.servlet.DispatcherServlet        : enableLoggingRequestDetails='false': request parameters and headers will be masked to prevent unsafe logging of potentially sensitive data
2026-08-01T16:57:12.514+03:00  INFO 10139 --- [http-nio-8080-exec-1] o.s.web.servlet.DispatcherServlet        : Completed initialization in 7 ms
2026-08-01T16:57:12.540+03:00 DEBUG 10139 --- [http-nio-8080-exec-1] o.s.security.web.FilterChainProxy        : Securing GET /api/v1/student
2026-08-01T16:57:12.556+03:00 DEBUG 10139 --- [http-nio-8080-exec-1] o.s.security.web.FilterChainProxy        : Secured GET /api/v1/student
2026-08-01T16:57:12.563+03:00 DEBUG 10139 --- [http-nio-8080-exec-1] o.s.web.servlet.DispatcherServlet        : GET "/api/v1/student", parameters={}
2026-08-01T16:57:12.581+03:00 DEBUG 10139 --- [http-nio-8080-exec-1] s.w.s.m.m.a.RequestMappingHandlerMapping : Mapped to com.example.demo.controller.StudentController#getStudents(int, int)
2026-08-01T16:57:12.984+03:00 DEBUG 10139 --- [http-nio-8080-exec-1] org.hibernate.SQL                        : select s1_0.id,s1_0.age,s1_0.dob,s1_0.email,s1_0.name from student s1_0 offset ? rows fetch first ? rows only
2026-08-01T16:57:12.987+03:00 TRACE 10139 --- [http-nio-8080-exec-1] org.hibernate.orm.jdbc.bind              : binding parameter (1:INTEGER) <- [0]
2026-08-01T16:57:12.987+03:00 TRACE 10139 --- [http-nio-8080-exec-1] org.hibernate.orm.jdbc.bind              : binding parameter (2:INTEGER) <- [5]
2026-08-01T16:57:13.058+03:00 DEBUG 10139 --- [http-nio-8080-exec-1] org.hibernate.SQL                        : select count(s1_0.id) from student s1_0
2026-08-01T16:57:13.102+03:00 DEBUG 10139 --- [http-nio-8080-exec-1] o.s.w.s.m.m.a.HttpEntityMethodProcessor  : Using 'application/json;q=0.8', given [text/html, application/xhtml+xml, image/avif, image/webp, image/apng, application/xml;q=0.9, */*;q=0.8] and supported [application/json, application/*+json]
2026-08-01T16:57:13.107+03:00 DEBUG 10139 --- [http-nio-8080-exec-1] o.s.w.s.m.m.a.HttpEntityMethodProcessor  : Writing [Page 1 of 2 containing com.example.demo.dto.StudentResponse instances]
2026-08-01T16:57:13.226+03:00  WARN 10139 --- [http-nio-8080-exec-1] ration$PageModule$WarningLoggingModifier : Serializing PageImpl instances as-is is not supported, meaning that there is no guarantee about the stability of the resulting JSON structure!
	For a stable JSON structure, please use Spring Data's PagedModel (globally via @EnableSpringDataWebSupport(pageSerializationMode = VIA_DTO))
	or Spring HATEOAS and Spring Data's PagedResourcesAssembler as documented in https://docs.spring.io/spring-data/commons/reference/repositories/core-extensions.html#core.web.pageables.

2026-08-01T16:57:13.300+03:00 DEBUG 10139 --- [http-nio-8080-exec-1] o.s.web.servlet.DispatcherServlet        : Completed 200 OK
2026-08-01T16:57:13.304+03:00 DEBUG 10139 --- [http-nio-8080-exec-1] o.s.s.w.a.AnonymousAuthenticationFilter  : Set SecurityContextHolder to anonymous SecurityContext
2026-08-01T17:06:28.650+03:00  INFO 10139 --- [SpringApplicationShutdownHook] o.s.boot.tomcat.GracefulShutdown         : Commencing graceful shutdown. Waiting for active requests to complete
2026-08-01T17:06:28.656+03:00  INFO 10139 --- [tomcat-shutdown] o.s.boot.tomcat.GracefulShutdown         : Graceful shutdown complete
2026-08-01T17:06:28.666+03:00  INFO 10139 --- [SpringApplicationShutdownHook] j.LocalContainerEntityManagerFactoryBean : Closing JPA EntityManagerFactory for persistence unit 'default'
2026-08-01T17:06:28.671+03:00  INFO 10139 --- [SpringApplicationShutdownHook] com.zaxxer.hikari.HikariDataSource       : HikariPool-1 - Shutdown initiated...
2026-08-01T17:06:28.694+03:00  INFO 10139 --- [SpringApplicationShutdownHook] com.zaxxer.hikari.HikariDataSource       : HikariPool-1 - Shutdown completed.
2026-08-01T17:06:37.623+03:00  INFO 10559 --- [main] com.example.demo.DemoApplication         : Starting DemoApplication using Java 26.0.1 with PID 10559 (/home/elias/IdeaProjects/Springboot-CRUD-project/target/classes started by elias in /home/elias/IdeaProjects/Springboot-CRUD-project)
2026-08-01T17:06:37.630+03:00  INFO 10559 --- [main] com.example.demo.DemoApplication         : No active profile set, falling back to 1 default profile: "default"
2026-08-01T17:06:39.145+03:00  INFO 10559 --- [main] .s.d.r.c.RepositoryConfigurationDelegate : Bootstrapping Spring Data JPA repositories in DEFAULT mode.
2026-08-01T17:06:39.231+03:00  INFO 10559 --- [main] .s.d.r.c.RepositoryConfigurationDelegate : Finished Spring Data repository scanning in 70 ms. Found 1 JPA repository interface.
2026-08-01T17:06:40.072+03:00  INFO 10559 --- [main] o.s.boot.tomcat.TomcatWebServer          : Tomcat initialized with port 8080 (http)
2026-08-01T17:06:40.093+03:00  INFO 10559 --- [main] o.apache.catalina.core.StandardService   : Starting service [Tomcat]
2026-08-01T17:06:40.094+03:00  INFO 10559 --- [main] o.apache.catalina.core.StandardEngine    : Starting Servlet engine: [Apache Tomcat/11.0.22]
2026-08-01T17:06:40.157+03:00  INFO 10559 --- [main] b.w.c.s.WebApplicationContextInitializer : Root WebApplicationContext: initialization completed in 2394 ms
2026-08-01T17:06:40.527+03:00  INFO 10559 --- [main] org.hibernate.orm.jpa                    : HHH008540: Processing PersistenceUnitInfo [name: default]
2026-08-01T17:06:40.662+03:00  INFO 10559 --- [main] org.hibernate.orm.core                   : HHH000001: Hibernate ORM core version 7.4.1.Final
2026-08-01T17:06:41.601+03:00  INFO 10559 --- [main] o.s.o.j.p.SpringPersistenceUnitInfo      : No LoadTimeWeaver setup: ignoring JPA class transformer
2026-08-01T17:06:41.653+03:00  INFO 10559 --- [main] com.zaxxer.hikari.HikariDataSource       : HikariPool-1 - Starting...
2026-08-01T17:06:41.907+03:00  INFO 10559 --- [main] com.zaxxer.hikari.pool.HikariPool        : HikariPool-1 - Added connection org.postgresql.jdbc.PgConnection@14df5253
2026-08-01T17:06:41.910+03:00  INFO 10559 --- [main] com.zaxxer.hikari.HikariDataSource       : HikariPool-1 - Start completed.
2026-08-01T17:06:41.964+03:00  WARN 10559 --- [main] org.hibernate.orm.deprecation            : HHH90000025: PostgreSQLDialect does not need to be specified explicitly using 'hibernate.dialect' (remove the property setting and it will be selected by default)
2026-08-01T17:06:42.007+03:00  INFO 10559 --- [main] org.hibernate.orm.connections.pooling    : HHH10001005: Database info:
	Database JDBC URL [jdbc:postgresql://localhost:5432/crud_db]
	Database driver: PostgreSQL JDBC Driver
	Database dialect: PostgreSQLDialect
	Database version: 16.11
	Default catalog/schema: crud_db/public
	Autocommit mode: undefined/unknown
	Isolation level: READ_COMMITTED [default READ_COMMITTED]
	JDBC fetch size: none
	Pool: DataSourceConnectionProvider
	Minimum pool size: undefined/unknown
	Maximum pool size: undefined/unknown
2026-08-01T17:06:43.812+03:00  INFO 10559 --- [main] org.hibernate.orm.core                   : HHH000489: No JTA platform available (set 'hibernate.transaction.jta.platform' to enable JTA platform integration)
2026-08-01T17:06:43.893+03:00  INFO 10559 --- [main] j.LocalContainerEntityManagerFactoryBean : Initialized JPA EntityManagerFactory for persistence unit 'default'
2026-08-01T17:06:44.024+03:00  INFO 10559 --- [main] o.s.d.j.r.query.QueryEnhancerFactories   : Hibernate is in classpath; If applicable, HQL parser will be used.
2026-08-01T17:06:44.384+03:00  WARN 10559 --- [main] JpaBaseConfiguration$JpaWebConfiguration : spring.jpa.open-in-view is enabled by default. Therefore, database queries may be performed during view rendering. Explicitly configure spring.jpa.open-in-view to disable this warning
2026-08-01T17:06:44.542+03:00  WARN 10559 --- [main] .s.a.UserDetailsServiceAutoConfiguration : 

Using generated security password: 587651dc-33a2-4956-a0a7-6a5c99408a21

This generated password is for development use only. Your security configuration must be updated before running your application in production.

2026-08-01T17:06:44.555+03:00  INFO 10559 --- [main] r$InitializeUserDetailsManagerConfigurer : Global AuthenticationManager configured with UserDetailsService bean with name inMemoryUserDetailsManager
2026-08-01T17:06:44.797+03:00 DEBUG 10559 --- [main] o.s.s.web.DefaultSecurityFilterChain     : Will secure any request with filters: DisableEncodeUrlFilter, WebAsyncManagerIntegrationFilter, SecurityContextHolderFilter, HeaderWriterFilter, LogoutFilter, BasicAuthenticationFilter, RequestCacheAwareFilter, SecurityContextHolderAwareRequestFilter, AnonymousAuthenticationFilter, ExceptionTranslationFilter, AuthorizationFilter
2026-08-01T17:06:44.955+03:00 DEBUG 10559 --- [main] s.w.s.m.m.a.RequestMappingHandlerMapping : 6 mappings in 'requestMappingHandlerMapping'
2026-08-01T17:06:44.993+03:00 DEBUG 10559 --- [main] o.s.w.s.handler.SimpleUrlHandlerMapping  : Patterns [/webjars/**, /**] in 'resourceHandlerMapping'
2026-08-01T17:06:45.057+03:00 DEBUG 10559 --- [main] s.w.s.m.m.a.RequestMappingHandlerAdapter : ControllerAdvice beans: 0 @ModelAttribute, 0 @InitBinder, 2 RequestBodyAdvice, 1 ResponseBodyAdvice
2026-08-01T17:06:45.130+03:00 DEBUG 10559 --- [main] .m.m.a.ExceptionHandlerExceptionResolver : ControllerAdvice beans: 1 @ExceptionHandler, 1 ResponseBodyAdvice
2026-08-01T17:06:45.379+03:00  INFO 10559 --- [main] o.s.boot.tomcat.TomcatWebServer          : Tomcat started on port 8080 (http) with context path '/'
2026-08-01T17:06:45.388+03:00  INFO 10559 --- [main] com.example.demo.DemoApplication         : Started DemoApplication in 8.847 seconds (process running for 10.65)
2026-08-01T17:06:54.249+03:00  INFO 10559 --- [http-nio-8080-exec-1] o.a.c.c.C.[Tomcat].[localhost].[/]       : Initializing Spring DispatcherServlet 'dispatcherServlet'
2026-08-01T17:06:54.250+03:00  INFO 10559 --- [http-nio-8080-exec-1] o.s.web.servlet.DispatcherServlet        : Initializing Servlet 'dispatcherServlet'
2026-08-01T17:06:54.252+03:00 DEBUG 10559 --- [http-nio-8080-exec-1] o.s.web.servlet.DispatcherServlet        : Detected StandardServletMultipartResolver
2026-08-01T17:06:54.253+03:00 DEBUG 10559 --- [http-nio-8080-exec-1] o.s.web.servlet.DispatcherServlet        : Detected AcceptHeaderLocaleResolver
2026-08-01T17:06:54.258+03:00 DEBUG 10559 --- [http-nio-8080-exec-1] o.s.web.servlet.DispatcherServlet        : Detected org.springframework.web.servlet.view.DefaultRequestToViewNameTranslator@3a388769
2026-08-01T17:06:54.260+03:00 DEBUG 10559 --- [http-nio-8080-exec-1] o.s.web.servlet.DispatcherServlet        : Detected org.springframework.web.servlet.support.SessionFlashMapManager@158cb50a
2026-08-01T17:06:54.262+03:00 DEBUG 10559 --- [http-nio-8080-exec-1] o.s.web.servlet.DispatcherServlet        : enableLoggingRequestDetails='false': request parameters and headers will be masked to prevent unsafe logging of potentially sensitive data
2026-08-01T17:06:54.263+03:00  INFO 10559 --- [http-nio-8080-exec-1] o.s.web.servlet.DispatcherServlet        : Completed initialization in 12 ms
2026-08-01T17:06:54.297+03:00 DEBUG 10559 --- [http-nio-8080-exec-1] o.s.security.web.FilterChainProxy        : Securing GET /api/v1/student
2026-08-01T17:06:54.328+03:00 DEBUG 10559 --- [http-nio-8080-exec-1] o.s.security.web.FilterChainProxy        : Secured GET /api/v1/student
2026-08-01T17:06:54.336+03:00 DEBUG 10559 --- [http-nio-8080-exec-1] o.s.web.servlet.DispatcherServlet        : GET "/api/v1/student", parameters={}
2026-08-01T17:06:54.365+03:00 DEBUG 10559 --- [http-nio-8080-exec-1] s.w.s.m.m.a.RequestMappingHandlerMapping : Mapped to com.example.demo.controller.StudentController#getStudents(int, int, String, String)
2026-08-01T17:06:54.833+03:00 DEBUG 10559 --- [http-nio-8080-exec-1] org.hibernate.SQL                        : select s1_0.id,s1_0.age,s1_0.dob,s1_0.email,s1_0.name from student s1_0 order by s1_0.id offset ? rows fetch first ? rows only
2026-08-01T17:06:54.835+03:00 TRACE 10559 --- [http-nio-8080-exec-1] org.hibernate.orm.jdbc.bind              : binding parameter (1:INTEGER) <- [0]
2026-08-01T17:06:54.836+03:00 TRACE 10559 --- [http-nio-8080-exec-1] org.hibernate.orm.jdbc.bind              : binding parameter (2:INTEGER) <- [5]
2026-08-01T17:06:54.892+03:00 DEBUG 10559 --- [http-nio-8080-exec-1] org.hibernate.SQL                        : select count(s1_0.id) from student s1_0
2026-08-01T17:06:54.916+03:00 DEBUG 10559 --- [http-nio-8080-exec-1] o.s.w.s.m.m.a.HttpEntityMethodProcessor  : Using 'application/json;q=0.8', given [text/html, application/xhtml+xml, image/avif, image/webp, image/apng, application/xml;q=0.9, */*;q=0.8] and supported [application/json, application/*+json]
2026-08-01T17:06:54.920+03:00 DEBUG 10559 --- [http-nio-8080-exec-1] o.s.w.s.m.m.a.HttpEntityMethodProcessor  : Writing [Page 1 of 2 containing com.example.demo.dto.StudentResponse instances]
2026-08-01T17:06:55.010+03:00  WARN 10559 --- [http-nio-8080-exec-1] ration$PageModule$WarningLoggingModifier : Serializing PageImpl instances as-is is not supported, meaning that there is no guarantee about the stability of the resulting JSON structure!
	For a stable JSON structure, please use Spring Data's PagedModel (globally via @EnableSpringDataWebSupport(pageSerializationMode = VIA_DTO))
	or Spring HATEOAS and Spring Data's PagedResourcesAssembler as documented in https://docs.spring.io/spring-data/commons/reference/repositories/core-extensions.html#core.web.pageables.

2026-08-01T17:06:55.049+03:00 DEBUG 10559 --- [http-nio-8080-exec-1] o.s.web.servlet.DispatcherServlet        : Completed 200 OK
2026-08-01T17:06:55.053+03:00 DEBUG 10559 --- [http-nio-8080-exec-1] o.s.s.w.a.AnonymousAuthenticationFilter  : Set SecurityContextHolder to anonymous SecurityContext
2026-08-01T17:06:57.896+03:00 DEBUG 10559 --- [http-nio-8080-exec-2] o.s.security.web.FilterChainProxy        : Securing GET /api/v1/student
2026-08-01T17:06:57.898+03:00 DEBUG 10559 --- [http-nio-8080-exec-2] o.s.security.web.FilterChainProxy        : Secured GET /api/v1/student
2026-08-01T17:06:57.899+03:00 DEBUG 10559 --- [http-nio-8080-exec-2] o.s.web.servlet.DispatcherServlet        : GET "/api/v1/student", parameters={}
2026-08-01T17:06:57.900+03:00 DEBUG 10559 --- [http-nio-8080-exec-2] s.w.s.m.m.a.RequestMappingHandlerMapping : Mapped to com.example.demo.controller.StudentController#getStudents(int, int, String, String)
2026-08-01T17:06:57.911+03:00 DEBUG 10559 --- [http-nio-8080-exec-2] org.hibernate.SQL                        : select s1_0.id,s1_0.age,s1_0.dob,s1_0.email,s1_0.name from student s1_0 order by s1_0.id offset ? rows fetch first ? rows only
2026-08-01T17:06:57.913+03:00 TRACE 10559 --- [http-nio-8080-exec-2] org.hibernate.orm.jdbc.bind              : binding parameter (1:INTEGER) <- [0]
2026-08-01T17:06:57.915+03:00 TRACE 10559 --- [http-nio-8080-exec-2] org.hibernate.orm.jdbc.bind              : binding parameter (2:INTEGER) <- [5]
2026-08-01T17:06:57.924+03:00 DEBUG 10559 --- [http-nio-8080-exec-2] org.hibernate.SQL                        : select count(s1_0.id) from student s1_0
2026-08-01T17:06:57.931+03:00 DEBUG 10559 --- [http-nio-8080-exec-2] o.s.w.s.m.m.a.HttpEntityMethodProcessor  : Using 'application/json;q=0.8', given [text/html, application/xhtml+xml, image/avif, image/webp, image/apng, application/xml;q=0.9, */*;q=0.8] and supported [application/json, application/*+json]
2026-08-01T17:06:57.932+03:00 DEBUG 10559 --- [http-nio-8080-exec-2] o.s.w.s.m.m.a.HttpEntityMethodProcessor  : Writing [Page 1 of 2 containing com.example.demo.dto.StudentResponse instances]
2026-08-01T17:06:57.940+03:00 DEBUG 10559 --- [http-nio-8080-exec-2] o.s.web.servlet.DispatcherServlet        : Completed 200 OK
2026-08-01T17:06:57.941+03:00 DEBUG 10559 --- [http-nio-8080-exec-2] o.s.s.w.a.AnonymousAuthenticationFilter  : Set SecurityContextHolder to anonymous SecurityContext
2026-08-01T17:09:26.046+03:00 DEBUG 10559 --- [http-nio-8080-exec-4] o.s.security.web.FilterChainProxy        : Securing GET /api/v1/student?sortBy=id&direction=asc
2026-08-01T17:09:26.084+03:00 DEBUG 10559 --- [http-nio-8080-exec-4] o.s.security.web.FilterChainProxy        : Secured GET /api/v1/student?sortBy=id&direction=asc
2026-08-01T17:09:26.093+03:00 DEBUG 10559 --- [http-nio-8080-exec-4] o.s.web.servlet.DispatcherServlet        : GET "/api/v1/student?sortBy=id&direction=asc", parameters={masked}
2026-08-01T17:09:26.097+03:00 DEBUG 10559 --- [http-nio-8080-exec-4] s.w.s.m.m.a.RequestMappingHandlerMapping : Mapped to com.example.demo.controller.StudentController#getStudents(int, int, String, String)
2026-08-01T17:09:26.124+03:00 DEBUG 10559 --- [http-nio-8080-exec-4] org.hibernate.SQL                        : select s1_0.id,s1_0.age,s1_0.dob,s1_0.email,s1_0.name from student s1_0 order by s1_0.id offset ? rows fetch first ? rows only
2026-08-01T17:09:26.126+03:00 TRACE 10559 --- [http-nio-8080-exec-4] org.hibernate.orm.jdbc.bind              : binding parameter (1:INTEGER) <- [0]
2026-08-01T17:09:26.127+03:00 TRACE 10559 --- [http-nio-8080-exec-4] org.hibernate.orm.jdbc.bind              : binding parameter (2:INTEGER) <- [5]
2026-08-01T17:09:26.151+03:00 DEBUG 10559 --- [http-nio-8080-exec-4] org.hibernate.SQL                        : select count(s1_0.id) from student s1_0
2026-08-01T17:09:26.161+03:00 DEBUG 10559 --- [http-nio-8080-exec-4] o.s.w.s.m.m.a.HttpEntityMethodProcessor  : Using 'application/json;q=0.8', given [text/html, application/xhtml+xml, image/avif, image/webp, image/apng, application/xml;q=0.9, */*;q=0.8] and supported [application/json, application/*+json]
2026-08-01T17:09:26.165+03:00 DEBUG 10559 --- [http-nio-8080-exec-4] o.s.w.s.m.m.a.HttpEntityMethodProcessor  : Writing [Page 1 of 2 containing com.example.demo.dto.StudentResponse instances]
2026-08-01T17:09:26.174+03:00 DEBUG 10559 --- [http-nio-8080-exec-4] o.s.web.servlet.DispatcherServlet        : Completed 200 OK
2026-08-01T17:09:26.176+03:00 DEBUG 10559 --- [http-nio-8080-exec-4] o.s.s.w.a.AnonymousAuthenticationFilter  : Set SecurityContextHolder to anonymous SecurityContext
2026-08-01T17:09:30.586+03:00 DEBUG 10559 --- [http-nio-8080-exec-5] o.s.security.web.FilterChainProxy        : Securing GET /api/v1/student?sortBy=id&direction=asc
2026-08-01T17:09:30.589+03:00 DEBUG 10559 --- [http-nio-8080-exec-5] o.s.security.web.FilterChainProxy        : Secured GET /api/v1/student?sortBy=id&direction=asc
2026-08-01T17:09:30.592+03:00 DEBUG 10559 --- [http-nio-8080-exec-5] o.s.web.servlet.DispatcherServlet        : GET "/api/v1/student?sortBy=id&direction=asc", parameters={masked}
2026-08-01T17:09:30.594+03:00 DEBUG 10559 --- [http-nio-8080-exec-5] s.w.s.m.m.a.RequestMappingHandlerMapping : Mapped to com.example.demo.controller.StudentController#getStudents(int, int, String, String)
2026-08-01T17:09:30.618+03:00 DEBUG 10559 --- [http-nio-8080-exec-5] org.hibernate.SQL                        : select s1_0.id,s1_0.age,s1_0.dob,s1_0.email,s1_0.name from student s1_0 order by s1_0.id offset ? rows fetch first ? rows only
2026-08-01T17:09:30.621+03:00 TRACE 10559 --- [http-nio-8080-exec-5] org.hibernate.orm.jdbc.bind              : binding parameter (1:INTEGER) <- [0]
2026-08-01T17:09:30.623+03:00 TRACE 10559 --- [http-nio-8080-exec-5] org.hibernate.orm.jdbc.bind              : binding parameter (2:INTEGER) <- [5]
2026-08-01T17:09:30.642+03:00 DEBUG 10559 --- [http-nio-8080-exec-5] org.hibernate.SQL                        : select count(s1_0.id) from student s1_0
2026-08-01T17:09:30.656+03:00 DEBUG 10559 --- [http-nio-8080-exec-5] o.s.w.s.m.m.a.HttpEntityMethodProcessor  : Using 'application/json;q=0.8', given [text/html, application/xhtml+xml, image/avif, image/webp, image/apng, application/xml;q=0.9, */*;q=0.8] and supported [application/json, application/*+json]
2026-08-01T17:09:30.659+03:00 DEBUG 10559 --- [http-nio-8080-exec-5] o.s.w.s.m.m.a.HttpEntityMethodProcessor  : Writing [Page 1 of 2 containing com.example.demo.dto.StudentResponse instances]
2026-08-01T17:09:30.671+03:00 DEBUG 10559 --- [http-nio-8080-exec-5] o.s.web.servlet.DispatcherServlet        : Completed 200 OK
2026-08-01T17:09:30.673+03:00 DEBUG 10559 --- [http-nio-8080-exec-5] o.s.s.w.a.AnonymousAuthenticationFilter  : Set SecurityContextHolder to anonymous SecurityContext
2026-08-01T17:09:43.056+03:00 DEBUG 10559 --- [http-nio-8080-exec-6] o.s.security.web.FilterChainProxy        : Securing GET /api/v1/student?sortBy=id&direction=asc
2026-08-01T17:09:43.060+03:00 DEBUG 10559 --- [http-nio-8080-exec-6] o.s.security.web.FilterChainProxy        : Secured GET /api/v1/student?sortBy=id&direction=asc
2026-08-01T17:09:43.062+03:00 DEBUG 10559 --- [http-nio-8080-exec-6] o.s.web.servlet.DispatcherServlet        : GET "/api/v1/student?sortBy=id&direction=asc", parameters={masked}
2026-08-01T17:09:43.066+03:00 DEBUG 10559 --- [http-nio-8080-exec-6] s.w.s.m.m.a.RequestMappingHandlerMapping : Mapped to com.example.demo.controller.StudentController#getStudents(int, int, String, String)
2026-08-01T17:09:43.084+03:00 DEBUG 10559 --- [http-nio-8080-exec-6] org.hibernate.SQL                        : select s1_0.id,s1_0.age,s1_0.dob,s1_0.email,s1_0.name from student s1_0 order by s1_0.id offset ? rows fetch first ? rows only
2026-08-01T17:09:43.086+03:00 TRACE 10559 --- [http-nio-8080-exec-6] org.hibernate.orm.jdbc.bind              : binding parameter (1:INTEGER) <- [0]
2026-08-01T17:09:43.088+03:00 TRACE 10559 --- [http-nio-8080-exec-6] org.hibernate.orm.jdbc.bind              : binding parameter (2:INTEGER) <- [5]
2026-08-01T17:09:43.109+03:00 DEBUG 10559 --- [http-nio-8080-exec-6] org.hibernate.SQL                        : select count(s1_0.id) from student s1_0
2026-08-01T17:09:43.121+03:00 DEBUG 10559 --- [http-nio-8080-exec-6] o.s.w.s.m.m.a.HttpEntityMethodProcessor  : Using 'application/json;q=0.8', given [text/html, application/xhtml+xml, image/avif, image/webp, image/apng, application/xml;q=0.9, */*;q=0.8] and supported [application/json, application/*+json]
2026-08-01T17:09:43.125+03:00 DEBUG 10559 --- [http-nio-8080-exec-6] o.s.w.s.m.m.a.HttpEntityMethodProcessor  : Writing [Page 1 of 2 containing com.example.demo.dto.StudentResponse instances]
2026-08-01T17:09:43.134+03:00 DEBUG 10559 --- [http-nio-8080-exec-6] o.s.web.servlet.DispatcherServlet        : Completed 200 OK
2026-08-01T17:09:43.135+03:00 DEBUG 10559 --- [http-nio-8080-exec-6] o.s.s.w.a.AnonymousAuthenticationFilter  : Set SecurityContextHolder to anonymous SecurityContext
2026-08-01T17:20:21.703+03:00  INFO 10559 --- [SpringApplicationShutdownHook] o.s.boot.tomcat.GracefulShutdown         : Commencing graceful shutdown. Waiting for active requests to complete
2026-08-01T17:20:21.708+03:00  INFO 10559 --- [tomcat-shutdown] o.s.boot.tomcat.GracefulShutdown         : Graceful shutdown complete
2026-08-01T17:20:21.719+03:00  INFO 10559 --- [SpringApplicationShutdownHook] j.LocalContainerEntityManagerFactoryBean : Closing JPA EntityManagerFactory for persistence unit 'default'
2026-08-01T17:20:21.725+03:00  INFO 10559 --- [SpringApplicationShutdownHook] com.zaxxer.hikari.HikariDataSource       : HikariPool-1 - Shutdown initiated...
2026-08-01T17:20:21.745+03:00  INFO 10559 --- [SpringApplicationShutdownHook] com.zaxxer.hikari.HikariDataSource       : HikariPool-1 - Shutdown completed.
2026-08-01T17:20:36.678+03:00  INFO 11121 --- [main] com.example.demo.DemoApplication         : Starting DemoApplication using Java 26.0.1 with PID 11121 (/home/elias/IdeaProjects/Springboot-CRUD-project/target/classes started by elias in /home/elias/IdeaProjects/Springboot-CRUD-project)
2026-08-01T17:20:36.693+03:00  INFO 11121 --- [main] com.example.demo.DemoApplication         : No active profile set, falling back to 1 default profile: "default"
2026-08-01T17:20:39.592+03:00  INFO 11121 --- [main] .s.d.r.c.RepositoryConfigurationDelegate : Bootstrapping Spring Data JPA repositories in DEFAULT mode.
2026-08-01T17:20:39.966+03:00  INFO 11121 --- [main] .s.d.r.c.RepositoryConfigurationDelegate : Finished Spring Data repository scanning in 340 ms. Found 1 JPA repository interface.
2026-08-01T17:20:41.062+03:00  INFO 11121 --- [main] o.s.boot.tomcat.TomcatWebServer          : Tomcat initialized with port 8080 (http)
2026-08-01T17:20:41.103+03:00  INFO 11121 --- [main] o.apache.catalina.core.StandardService   : Starting service [Tomcat]
2026-08-01T17:20:41.104+03:00  INFO 11121 --- [main] o.apache.catalina.core.StandardEngine    : Starting Servlet engine: [Apache Tomcat/11.0.22]
2026-08-01T17:20:41.169+03:00  INFO 11121 --- [main] b.w.c.s.WebApplicationContextInitializer : Root WebApplicationContext: initialization completed in 4174 ms
2026-08-01T17:20:41.604+03:00  INFO 11121 --- [main] org.hibernate.orm.jpa                    : HHH008540: Processing PersistenceUnitInfo [name: default]
2026-08-01T17:20:41.745+03:00  INFO 11121 --- [main] org.hibernate.orm.core                   : HHH000001: Hibernate ORM core version 7.4.1.Final
2026-08-01T17:20:43.128+03:00  INFO 11121 --- [main] o.s.o.j.p.SpringPersistenceUnitInfo      : No LoadTimeWeaver setup: ignoring JPA class transformer
2026-08-01T17:20:43.204+03:00  INFO 11121 --- [main] com.zaxxer.hikari.HikariDataSource       : HikariPool-1 - Starting...
2026-08-01T17:20:43.494+03:00  INFO 11121 --- [main] com.zaxxer.hikari.pool.HikariPool        : HikariPool-1 - Added connection org.postgresql.jdbc.PgConnection@1488a861
2026-08-01T17:20:43.497+03:00  INFO 11121 --- [main] com.zaxxer.hikari.HikariDataSource       : HikariPool-1 - Start completed.
2026-08-01T17:20:43.539+03:00  WARN 11121 --- [main] org.hibernate.orm.deprecation            : HHH90000025: PostgreSQLDialect does not need to be specified explicitly using 'hibernate.dialect' (remove the property setting and it will be selected by default)
2026-08-01T17:20:43.576+03:00  INFO 11121 --- [main] org.hibernate.orm.connections.pooling    : HHH10001005: Database info:
	Database JDBC URL [jdbc:postgresql://localhost:5432/crud_db]
	Database driver: PostgreSQL JDBC Driver
	Database dialect: PostgreSQLDialect
	Database version: 16.11
	Default catalog/schema: crud_db/public
	Autocommit mode: undefined/unknown
	Isolation level: READ_COMMITTED [default READ_COMMITTED]
	JDBC fetch size: none
	Pool: DataSourceConnectionProvider
	Minimum pool size: undefined/unknown
	Maximum pool size: undefined/unknown
2026-08-01T17:20:46.342+03:00  INFO 11121 --- [main] org.hibernate.orm.core                   : HHH000489: No JTA platform available (set 'hibernate.transaction.jta.platform' to enable JTA platform integration)
2026-08-01T17:20:46.449+03:00  INFO 11121 --- [main] j.LocalContainerEntityManagerFactoryBean : Initialized JPA EntityManagerFactory for persistence unit 'default'
2026-08-01T17:20:46.669+03:00  INFO 11121 --- [main] o.s.d.j.r.query.QueryEnhancerFactories   : Hibernate is in classpath; If applicable, HQL parser will be used.
2026-08-01T17:20:47.146+03:00  WARN 11121 --- [main] JpaBaseConfiguration$JpaWebConfiguration : spring.jpa.open-in-view is enabled by default. Therefore, database queries may be performed during view rendering. Explicitly configure spring.jpa.open-in-view to disable this warning
2026-08-01T17:20:47.315+03:00  WARN 11121 --- [main] .s.a.UserDetailsServiceAutoConfiguration : 

Using generated security password: abb2a5fc-28bb-4000-b765-70ab5feb9c2e

This generated password is for development use only. Your security configuration must be updated before running your application in production.

2026-08-01T17:20:47.334+03:00  INFO 11121 --- [main] r$InitializeUserDetailsManagerConfigurer : Global AuthenticationManager configured with UserDetailsService bean with name inMemoryUserDetailsManager
2026-08-01T17:20:47.655+03:00 DEBUG 11121 --- [main] o.s.s.web.DefaultSecurityFilterChain     : Will secure any request with filters: DisableEncodeUrlFilter, WebAsyncManagerIntegrationFilter, SecurityContextHolderFilter, HeaderWriterFilter, LogoutFilter, BasicAuthenticationFilter, RequestCacheAwareFilter, SecurityContextHolderAwareRequestFilter, AnonymousAuthenticationFilter, ExceptionTranslationFilter, AuthorizationFilter
2026-08-01T17:20:47.822+03:00 DEBUG 11121 --- [main] s.w.s.m.m.a.RequestMappingHandlerMapping : 6 mappings in 'requestMappingHandlerMapping'
2026-08-01T17:20:47.891+03:00 DEBUG 11121 --- [main] o.s.w.s.handler.SimpleUrlHandlerMapping  : Patterns [/webjars/**, /**] in 'resourceHandlerMapping'
2026-08-01T17:20:47.955+03:00 DEBUG 11121 --- [main] s.w.s.m.m.a.RequestMappingHandlerAdapter : ControllerAdvice beans: 0 @ModelAttribute, 0 @InitBinder, 2 RequestBodyAdvice, 1 ResponseBodyAdvice
2026-08-01T17:20:48.035+03:00 DEBUG 11121 --- [main] .m.m.a.ExceptionHandlerExceptionResolver : ControllerAdvice beans: 2 @ExceptionHandler, 1 ResponseBodyAdvice
2026-08-01T17:20:48.386+03:00  INFO 11121 --- [main] o.s.boot.tomcat.TomcatWebServer          : Tomcat started on port 8080 (http) with context path '/'
2026-08-01T17:20:48.397+03:00  INFO 11121 --- [main] com.example.demo.DemoApplication         : Started DemoApplication in 12.991 seconds (process running for 15.908)
2026-08-01T17:20:57.967+03:00  INFO 11121 --- [http-nio-8080-exec-1] o.a.c.c.C.[Tomcat].[localhost].[/]       : Initializing Spring DispatcherServlet 'dispatcherServlet'
2026-08-01T17:20:57.967+03:00  INFO 11121 --- [http-nio-8080-exec-1] o.s.web.servlet.DispatcherServlet        : Initializing Servlet 'dispatcherServlet'
2026-08-01T17:20:57.968+03:00 DEBUG 11121 --- [http-nio-8080-exec-1] o.s.web.servlet.DispatcherServlet        : Detected StandardServletMultipartResolver
2026-08-01T17:20:57.968+03:00 DEBUG 11121 --- [http-nio-8080-exec-1] o.s.web.servlet.DispatcherServlet        : Detected AcceptHeaderLocaleResolver
2026-08-01T17:20:57.970+03:00 DEBUG 11121 --- [http-nio-8080-exec-1] o.s.web.servlet.DispatcherServlet        : Detected org.springframework.web.servlet.view.DefaultRequestToViewNameTranslator@4110ffe5
2026-08-01T17:20:57.971+03:00 DEBUG 11121 --- [http-nio-8080-exec-1] o.s.web.servlet.DispatcherServlet        : Detected org.springframework.web.servlet.support.SessionFlashMapManager@62eb918
2026-08-01T17:20:57.973+03:00 DEBUG 11121 --- [http-nio-8080-exec-1] o.s.web.servlet.DispatcherServlet        : enableLoggingRequestDetails='false': request parameters and headers will be masked to prevent unsafe logging of potentially sensitive data
2026-08-01T17:20:57.973+03:00  INFO 11121 --- [http-nio-8080-exec-1] o.s.web.servlet.DispatcherServlet        : Completed initialization in 5 ms
2026-08-01T17:20:57.999+03:00 DEBUG 11121 --- [http-nio-8080-exec-1] o.s.security.web.FilterChainProxy        : Securing GET /api/v1/student?sortBy=id&direction=asc
2026-08-01T17:20:58.026+03:00 DEBUG 11121 --- [http-nio-8080-exec-1] o.s.security.web.FilterChainProxy        : Secured GET /api/v1/student?sortBy=id&direction=asc
2026-08-01T17:20:58.032+03:00 DEBUG 11121 --- [http-nio-8080-exec-1] o.s.web.servlet.DispatcherServlet        : GET "/api/v1/student?sortBy=id&direction=asc", parameters={masked}
2026-08-01T17:20:58.049+03:00 DEBUG 11121 --- [http-nio-8080-exec-1] s.w.s.m.m.a.RequestMappingHandlerMapping : Mapped to com.example.demo.controller.StudentController#getStudents(int, int, String, String)
2026-08-01T17:20:58.492+03:00 DEBUG 11121 --- [http-nio-8080-exec-1] org.hibernate.SQL                        : select s1_0.id,s1_0.age,s1_0.dob,s1_0.email,s1_0.name from student s1_0 order by s1_0.id offset ? rows fetch first ? rows only
2026-08-01T17:20:58.494+03:00 TRACE 11121 --- [http-nio-8080-exec-1] org.hibernate.orm.jdbc.bind              : binding parameter (1:INTEGER) <- [0]
2026-08-01T17:20:58.495+03:00 TRACE 11121 --- [http-nio-8080-exec-1] org.hibernate.orm.jdbc.bind              : binding parameter (2:INTEGER) <- [5]
2026-08-01T17:20:58.552+03:00 DEBUG 11121 --- [http-nio-8080-exec-1] org.hibernate.SQL                        : select count(s1_0.id) from student s1_0
2026-08-01T17:20:58.580+03:00 DEBUG 11121 --- [http-nio-8080-exec-1] o.s.w.s.m.m.a.HttpEntityMethodProcessor  : Using 'application/json;q=0.8', given [text/html, application/xhtml+xml, image/avif, image/webp, image/apng, application/xml;q=0.9, */*;q=0.8] and supported [application/json, application/*+json]
2026-08-01T17:20:58.589+03:00 DEBUG 11121 --- [http-nio-8080-exec-1] o.s.w.s.m.m.a.HttpEntityMethodProcessor  : Writing [Page 1 of 2 containing com.example.demo.dto.StudentResponse instances]
2026-08-01T17:20:58.710+03:00  WARN 11121 --- [http-nio-8080-exec-1] ration$PageModule$WarningLoggingModifier : Serializing PageImpl instances as-is is not supported, meaning that there is no guarantee about the stability of the resulting JSON structure!
	For a stable JSON structure, please use Spring Data's PagedModel (globally via @EnableSpringDataWebSupport(pageSerializationMode = VIA_DTO))
	or Spring HATEOAS and Spring Data's PagedResourcesAssembler as documented in https://docs.spring.io/spring-data/commons/reference/repositories/core-extensions.html#core.web.pageables.

2026-08-01T17:20:58.769+03:00 DEBUG 11121 --- [http-nio-8080-exec-1] o.s.web.servlet.DispatcherServlet        : Completed 200 OK
2026-08-01T17:20:58.774+03:00 DEBUG 11121 --- [http-nio-8080-exec-1] o.s.s.w.a.AnonymousAuthenticationFilter  : Set SecurityContextHolder to anonymous SecurityContext
